{
  "ellipsoid": {
    "final_sens": [
      0.7844314666416041,
      2.7530858009624333,
      6.429479994872933,
      14.631620213817998,
      17.25595012321292,
      13.756006842997293,
      34.2273268492211,
      1.0184536277454967,
      51.63537366981022,
      104.64466201255287
    ],
    "ground_truth": [
      2,
      8,
      18,
      32,
      50,
      72,
      98,
      128,
      162,
      200
    ],
    "correlation": 0.8140062185636041
  },
  "rosenbrock": {
    "final_sens": [
      16.826656258169653,
      55.66966273322799,
      207.65763874891576,
      74.41685962963139,
      71.04880112381807,
      40.24349387456372,
      59.35906967294849,
      64.64608658523903,
      22.12724897846981,
      75.37973976157473
    ]
  },
  "cigar": {
    "final_sens": [
      1.1663218859051765,
      1035936.4428329486,
      1161210.0938892348,
      524147.6011201424,
      625628.9298355505,
      1036918.8750275066,
      657530.8754873067,
      1182160.9547240129,
      69287.6948738369,
      393871.0757403073
    ]
  }
}