{
  "bag_folds": 2,
  "bag_sets": 1,
  "dataset": "anneal",
  "fold": 0,
  "records": [
    {
      "best_so_far": 0.23596437730187997,
      "method": "gravity",
      "metric_error": 0.23596437730187997,
      "params": {
        "extra_trees": false,
        "feature_fraction": 0.8692891674401906,
        "lambda_l2": 0.002882185851410413,
        "learning_rate": 0.0012424568294055701,
        "min_data_in_leaf": 92,
        "num_leaves": 8
      },
      "trial": 0,
      "wall_time_s": 7.498743057250977
    },
    {
      "best_so_far": 0.1434683952305476,
      "method": "optuna",
      "metric_error": 0.1434683952305476,
      "params": {
        "extra_trees": false,
        "feature_fraction": 0.7219343632501507,
        "lambda_l2": 6.499698237449666e-05,
        "learning_rate": 0.018316240381848904,
        "min_data_in_leaf": 57,
        "num_leaves": 184
      },
      "trial": 0,
      "wall_time_s": 1.7844915390014648
    }
  ],
  "seed": 0,
  "time_limit_s": 20,
  "trials": 1
}
