{
  "sphere": {
    "Backprop": {
      "mean": 0.003056700960972651,
      "std": 0.00208095002143553,
      "raw": [
        0.005160098738933046,
        0.0037875053197657235,
        0.00022249882421918426
      ]
    },
    "Subspace": {
      "mean": 0.0003328694212719144,
      "std": 0.00039072865343804127,
      "raw": [
        2.814944720589072e-05,
        8.602692336757163e-05,
        0.0008844318932422808
      ]
    }
  },
  "rosenbrock": {
    "Backprop": {
      "mean": 38.76681325989133,
      "std": 6.599761936861837,
      "raw": [
        33.838577701369566,
        34.36655509193991,
        48.095306986364506
      ]
    },
    "Subspace": {
      "mean": 41.150189884883076,
      "std": 14.390120956012947,
      "raw": [
        61.205062281169894,
        34.11690491363423,
        28.128602459845105
      ]
    }
  },
  "rastrigin": {
    "Backprop": {
      "mean": 59.02333852328044,
      "std": 8.995190566550116,
      "raw": [
        49.61786056311417,
        71.1438209775239,
        56.30833402920321
      ]
    },
    "Subspace": {
      "mean": 71.24052546368254,
      "std": 7.739694036470695,
      "raw": [
        82.1366203710912,
        64.89212669308719,
        66.69282932686923
      ]
    }
  },
  "griewank": {
    "Backprop": {
      "mean": 0.5637675084133354,
      "std": 0.40347280431090743,
      "raw": [
        0.06896707775190447,
        1.0572670047074633,
        0.5650684427806387
      ]
    },
    "Subspace": {
      "mean": 0.22351231128203616,
      "std": 0.10937439653474464,
      "raw": [
        0.08252378368131219,
        0.3491047986449075,
        0.23890835151988876
      ]
    }
  },
  "levy": {
    "Backprop": {
      "mean": 2.9983132750623205,
      "std": 1.7197200646926722,
      "raw": [
        0.9269367408633636,
        2.9302782563979743,
        5.137724827925623
      ]
    },
    "Subspace": {
      "mean": 5.13199644199702,
      "std": 3.5898253752144247,
      "raw": [
        2.688501740827167,
        10.207608031344934,
        2.499879553818961
      ]
    }
  },
  "michalewicz": {
    "Backprop": {
      "mean": -4.178872915575577,
      "std": 0.42173714798459405,
      "raw": [
        -4.280306756657217,
        -3.6191602043863096,
        -4.637151785683203
      ]
    },
    "Subspace": {
      "mean": -4.089617165073835,
      "std": 0.4013565195199422,
      "raw": [
        -4.657207649116157,
        -3.809193192872007,
        -3.8024506532333415
      ]
    }
  },
  "alpine1": {
    "Backprop": {
      "mean": 8.27591502375222,
      "std": 2.028411969628599,
      "raw": [
        5.475756775116423,
        10.215455003690378,
        9.136533292449855
      ]
    },
    "Subspace": {
      "mean": 10.278532147946938,
      "std": 2.0164777761983386,
      "raw": [
        12.138673494563953,
        7.476516079920126,
        11.22040686935674
      ]
    }
  },
  "zakharov": {
    "Backprop": {
      "mean": 36687.40696732287,
      "std": 41500.96848942001,
      "raw": [
        1211.595406542623,
        94917.23384214562,
        13933.391653280376
      ]
    },
    "Subspace": {
      "mean": 19112.72616296947,
      "std": 26183.875792337294,
      "raw": [
        1083.1055335670183,
        116.95611537385028,
        56138.11683996754
      ]
    }
  }
}