{
  "zakharov": {
    "Backprop": {
      "mean": 36687.40696732287,
      "std": 41500.96848942001,
      "raw": [
        1211.595406542623,
        94917.23384214562,
        13933.391653280376
      ]
    },
    "Subspace": {
      "mean": 19112.72616296947,
      "std": 26183.875792337294,
      "raw": [
        1083.1055335670183,
        116.95611537385028,
        56138.11683996754
      ]
    }
  }
}