{
  "sphere": {
    "Original": {
      "mean": 0.0,
      "std": 0.0,
      "raw": [
        0.0,
        0.0,
        0.0,
        0.0,
        0.0
      ]
    },
    "Backprop": {
      "mean": 0.0,
      "std": 0.0,
      "raw": [
        0.0,
        0.0,
        0.0,
        0.0,
        0.0
      ]
    }
  },
  "rosenbrock": {
    "Original": {
      "mean": 5.614061984770927,
      "std": 2.1254263247944225,
      "raw": [
        4.20360259951775,
        9.832568059201225,
        5.0,
        4.421834212511641,
        4.612305052624018
      ]
    },
    "Backprop": {
      "mean": 5.6139880250127705,
      "std": 2.1254754099916933,
      "raw": [
        4.2032328007269655,
        9.832568059201225,
        5.0,
        4.421834212511641,
        4.612305052624018
      ]
    }
  },
  "rastrigin": {
    "Original": {
      "mean": 0.8,
      "std": 0.7483314773547883,
      "raw": [
        0.0,
        1.0,
        1.0,
        0.0,
        2.0
      ]
    },
    "Backprop": {
      "mean": 0.8,
      "std": 0.7483314773547883,
      "raw": [
        0.0,
        1.0,
        1.0,
        0.0,
        2.0
      ]
    }
  },
  "griewank": {
    "Original": {
      "mean": 0.0,
      "std": 0.0,
      "raw": [
        0.0,
        0.0,
        0.0,
        0.0,
        0.0
      ]
    },
    "Backprop": {
      "mean": 0.0,
      "std": 0.0,
      "raw": [
        0.0,
        0.0,
        0.0,
        0.0,
        0.0
      ]
    }
  },
  "levy": {
    "Original": {
      "mean": 0.04329778766078337,
      "std": 0.04084850576638274,
      "raw": [
        1.4997597826618576e-32,
        1.4997597826618576e-32,
        0.09084455411697445,
        0.03479983006996796,
        0.09084455411697445
      ]
    },
    "Backprop": {
      "mean": 0.04329778766078337,
      "std": 0.04084850576638274,
      "raw": [
        1.4997597826618576e-32,
        1.4997597826618576e-32,
        0.09084455411697445,
        0.03479983006996796,
        0.09084455411697445
      ]
    }
  },
  "michalewicz": {
    "Original": {
      "mean": -1.9759387292451813,
      "std": 0.07703901441395034,
      "raw": [
        -1.9578041025617257,
        -2.110631877380917,
        -1.983132324400592,
        -1.8722601657771776,
        -1.955865176105493
      ]
    },
    "Backprop": {
      "mean": -1.9784809012661853,
      "std": 0.0765427948660267,
      "raw": [
        -1.9578041025617257,
        -2.110631877380917,
        -1.983132324400592,
        -1.8722601657771776,
        -1.9685760362105138
      ]
    }
  },
  "alpine1": {
    "Original": {
      "mean": 0.0955013901076264,
      "std": 0.1419782675193409,
      "raw": [
        0.3660037717231407,
        0.0,
        0.0,
        0.0,
        0.11150317881499126
      ]
    },
    "Backprop": {
      "mean": 0.0955013901076264,
      "std": 0.1419782675193409,
      "raw": [
        0.3660037717231407,
        0.0,
        0.0,
        0.0,
        0.11150317881499126
      ]
    }
  },
  "zakharov": {
    "Original": {
      "mean": 12.543128107831329,
      "std": 10.62101432049618,
      "raw": [
        7.2524980884834305,
        20.166680633605644,
        3.0,
        29.580572111323303,
        2.7158897057442655
      ]
    },
    "Backprop": {
      "mean": 10.657755372535807,
      "std": 8.77623141585657,
      "raw": [
        7.2524980884834305,
        20.166680633605644,
        3.0,
        22.0,
        0.8695981405899598
      ]
    }
  }
}