{
  "zakharov": {
    "Subspace": {
      "mean": 100404.29115844874,
      "std": 171612.58422738983,
      "raw": [
        57362.6856847669,
        440858.1770322293,
        3615.4401614084422,
        143.70206834435285,
        41.4508454946868
      ]
    }
  }
}