{
  "sphere": {
    "Original": {
      "mean": 4.82409517539849e-05,
      "std": 7.050831367761228e-05,
      "raw": [
        1.2031907529849561e-05,
        6.356547172570476e-06,
        0.0001872766575409994,
        3.9446095268271264e-07,
        3.514518557382236e-05
      ]
    },
    "Backprop": {
      "mean": 0.00014209456629172618,
      "std": 0.00025505465058079746,
      "raw": [
        2.863580760241429e-06,
        0.000651461450996737,
        1.1783645407534422e-05,
        3.6680670346997917e-06,
        4.0696087259418344e-05
      ]
    }
  },
  "rosenbrock": {
    "Original": {
      "mean": 14.746044250533902,
      "std": 7.03211339805271,
      "raw": [
        8.281459318529791,
        7.5106279664946705,
        17.629243440777696,
        13.585710740497223,
        26.72317978637013
      ]
    },
    "Backprop": {
      "mean": 18.798912715416936,
      "std": 10.226079914478388,
      "raw": [
        11.267151547278782,
        7.708425832107521,
        34.71009567083102,
        13.585710740497223,
        26.72317978637013
      ]
    }
  },
  "rastrigin": {
    "Original": {
      "mean": 36.30369584743928,
      "std": 8.961227620556242,
      "raw": [
        47.252816128567886,
        23.947311708446712,
        27.697619192599653,
        42.852521886369594,
        39.76821032121253
      ]
    },
    "Backprop": {
      "mean": 39.92394630256763,
      "std": 9.87227159563604,
      "raw": [
        53.308539624277195,
        41.954529428305236,
        35.29023244621255,
        23.939659084485655,
        45.1267709295575
      ]
    }
  },
  "griewank": {
    "Original": {
      "mean": 0.5370722848777558,
      "std": 0.2195801649963583,
      "raw": [
        0.7183743180954121,
        0.8236800849039236,
        0.4890432207861958,
        0.19370389562310042,
        0.4605599049801472
      ]
    },
    "Backprop": {
      "mean": 0.5987482024036839,
      "std": 0.28098220947961733,
      "raw": [
        0.6189507500569248,
        0.11616712811814933,
        0.8085342345395026,
        0.5182224118842923,
        0.9318664874195504
      ]
    }
  },
  "levy": {
    "Original": {
      "mean": 2.668794149213841,
      "std": 1.5060704417173914,
      "raw": [
        0.6994278709083548,
        4.129146756920321,
        2.7249264245310845,
        4.51148142282692,
        1.2789882708825246
      ]
    },
    "Backprop": {
      "mean": 2.9169539562309796,
      "std": 1.5896698829911222,
      "raw": [
        0.771480630616266,
        4.652656283585497,
        3.3683419150877314,
        4.447744046638312,
        1.3445469052270929
      ]
    }
  },
  "michalewicz": {
    "Original": {
      "mean": -2.9106851182464224,
      "std": 0.34600410808137977,
      "raw": [
        -3.4300817215007298,
        -2.7223845629444927,
        -2.711030367730226,
        -3.1948672108060254,
        -2.495061728250637
      ]
    },
    "Backprop": {
      "mean": -2.550673354614004,
      "std": 0.5897449453592568,
      "raw": [
        -1.8211892526208946,
        -2.0406569760737043,
        -3.2693676556420725,
        -3.1948672108060254,
        -2.4272856779273217
      ]
    }
  },
  "alpine1": {
    "Original": {
      "mean": 3.5542178776016486,
      "std": 1.7871130980907255,
      "raw": [
        5.844544496559343,
        1.580574875928019,
        1.86235388360376,
        5.470636593223411,
        3.0129795386937097
      ]
    },
    "Backprop": {
      "mean": 2.135308450183264,
      "std": 2.0509062976148065,
      "raw": [
        4.227135391547057,
        0.0,
        4.8313608383737545,
        0.0,
        1.6180460209955083
      ]
    }
  },
  "zakharov": {
    "Original": {
      "mean": 2709.9754695721417,
      "std": 5338.883769560127,
      "raw": [
        29.328566428958293,
        37.09692961112615,
        71.79991942894839,
        23.960979549578177,
        13387.690952842098
      ]
    },
    "Backprop": {
      "mean": 29.082792376259953,
      "std": 8.247873728286361,
      "raw": [
        27.652914933358463,
        14.72196638827817,
        36.20655406391521,
        28.749716748737164,
        38.082809747010735
      ]
    }
  }
}