{
  "sphere": {
    "Backprop": {
      "mean": 0.002848484171149803,
      "std": 0.0016529730377154034,
      "raw": [
        0.005160098738933046,
        0.0037875053197657235,
        0.00022249882421918426,
        0.002951721018609195,
        0.002120596954221868
      ]
    },
    "Subspace": {
      "mean": 0.0025455485684212327,
      "std": 0.0021732902852132016,
      "raw": [
        0.00026830260751801603,
        0.0007040507453269461,
        0.0017217877173293528,
        0.006052713996793215,
        0.003980887775138634
      ]
    }
  },
  "rosenbrock": {
    "Backprop": {
      "mean": 46.256260744585276,
      "std": 19.278001202856473,
      "raw": [
        33.838577701369566,
        34.36655509193991,
        48.095306986364506,
        83.05258565458114,
        31.928278288671258
      ]
    },
    "Subspace": {
      "mean": 39.452212072011775,
      "std": 12.388842869958252,
      "raw": [
        24.822624106126074,
        54.329306812448486,
        53.4150841531523,
        28.09642762995779,
        36.59761765837422
      ]
    }
  },
  "rastrigin": {
    "Backprop": {
      "mean": 60.93853636508997,
      "std": 7.359156285585959,
      "raw": [
        49.61786056311417,
        71.1438209775239,
        56.30833402920321,
        63.2938027455076,
        64.328863510101
      ]
    },
    "Subspace": {
      "mean": 64.2993843119161,
      "std": 8.413965058531751,
      "raw": [
        49.61786056311417,
        73.61910724894244,
        65.77743190827292,
        61.667243505734206,
        70.81527833351683
      ]
    }
  },
  "griewank": {
    "Backprop": {
      "mean": 0.5374708929370879,
      "std": 0.31418817603516286,
      "raw": [
        0.06896707775190447,
        1.0572670047074633,
        0.5650684427806387,
        0.5006526077541896,
        0.4953993316912437
      ]
    },
    "Subspace": {
      "mean": 0.2962403208130531,
      "std": 0.14210496409045026,
      "raw": [
        0.20993422717116073,
        0.08287686042985376,
        0.3986710806073269,
        0.2998524430952185,
        0.48986699276170564
      ]
    }
  },
  "levy": {
    "Backprop": {
      "mean": 3.2454413648924527,
      "std": 1.892378368077963,
      "raw": [
        0.9269367408633636,
        2.9302782563979743,
        5.137724827925623,
        1.5454903699247857,
        5.686776629350518
      ]
    },
    "Subspace": {
      "mean": 3.670278026771771,
      "std": 3.759450832619808,
      "raw": [
        3.4128450694932955,
        10.966222072198727,
        1.8888525992122263,
        1.4766663390700367,
        0.6068040538845729
      ]
    }
  },
  "michalewicz": {
    "Backprop": {
      "mean": -4.242271941327276,
      "std": 0.33697077233314426,
      "raw": [
        -4.280306756657217,
        -3.6191602043863096,
        -4.637151785683203,
        -4.382170410571155,
        -4.292570549338493
      ]
    },
    "Subspace": {
      "mean": -3.8566118465945136,
      "std": 0.4765588939941143,
      "raw": [
        -4.280306756657217,
        -3.520114789589303,
        -3.985461873352235,
        -4.382170410571155,
        -3.115005402802659
      ]
    }
  },
  "alpine1": {
    "Backprop": {
      "mean": 11.307021666512977,
      "std": 4.031231138955771,
      "raw": [
        5.475756775116423,
        10.215455003690378,
        9.136533292449855,
        15.810664050395742,
        15.896699210912484
      ]
    },
    "Subspace": {
      "mean": 10.47458702702074,
      "std": 3.9413001136794064,
      "raw": [
        17.665033367241133,
        8.678405383764906,
        11.412277211252187,
        8.261068686052075,
        6.356150486793397
      ]
    }
  },
  "zakharov": {
    "Backprop": {
      "mean": 22808.723702672418,
      "std": 36384.5912205226,
      "raw": [
        1211.595406542623,
        94917.23384214562,
        13933.391653280376,
        3935.8679550878746,
        45.52965630561029
      ]
    },
    "Subspace": {
      "mean": 121895.40868080294,
      "std": 162633.85997093847,
      "raw": [
        1129.0308149804712,
        408117.73002793454,
        199949.79298814601,
        141.91751247265296,
        138.5720604810526
      ]
    }
  }
}