{
  "sphere": {
    "Original": {
      "mean": 4.82409517539849e-05,
      "std": 7.050831367761228e-05,
      "raw": [
        1.2031907529849561e-05,
        6.356547172570476e-06,
        0.0001872766575409994,
        3.9446095268271264e-07,
        3.514518557382236e-05
      ]
    },
    "Backprop": {
      "mean": 4.82409517539849e-05,
      "std": 7.050831367761228e-05,
      "raw": [
        1.2031907529849561e-05,
        6.356547172570476e-06,
        0.0001872766575409994,
        3.9446095268271264e-07,
        3.514518557382236e-05
      ]
    }
  },
  "rosenbrock": {
    "Original": {
      "mean": 14.746044250533902,
      "std": 7.03211339805271,
      "raw": [
        8.281459318529791,
        7.5106279664946705,
        17.629243440777696,
        13.585710740497223,
        26.72317978637013
      ]
    },
    "Backprop": {
      "mean": 14.746044250533902,
      "std": 7.03211339805271,
      "raw": [
        8.281459318529791,
        7.5106279664946705,
        17.629243440777696,
        13.585710740497223,
        26.72317978637013
      ]
    }
  },
  "rastrigin": {
    "Original": {
      "mean": 36.30369584743928,
      "std": 8.961227620556242,
      "raw": [
        47.252816128567886,
        23.947311708446712,
        27.697619192599653,
        42.852521886369594,
        39.76821032121253
      ]
    },
    "Backprop": {
      "mean": 35.23803756760056,
      "std": 7.599968977922314,
      "raw": [
        46.30449022251757,
        23.947311708446712,
        30.956951648936318,
        35.21322393688965,
        39.76821032121253
      ]
    }
  },
  "griewank": {
    "Original": {
      "mean": 0.5370722848777558,
      "std": 0.2195801649963583,
      "raw": [
        0.7183743180954121,
        0.8236800849039236,
        0.4890432207861958,
        0.19370389562310042,
        0.4605599049801472
      ]
    },
    "Backprop": {
      "mean": 0.3960910621781993,
      "std": 0.10880893473641991,
      "raw": [
        0.28382912016329387,
        0.35685751489593853,
        0.4890432207861958,
        0.29364116140491536,
        0.557084293640653
      ]
    }
  },
  "levy": {
    "Original": {
      "mean": 2.668794149213841,
      "std": 1.5060704417173914,
      "raw": [
        0.6994278709083548,
        4.129146756920321,
        2.7249264245310845,
        4.51148142282692,
        1.2789882708825246
      ]
    },
    "Backprop": {
      "mean": 2.668794149213841,
      "std": 1.5060704417173914,
      "raw": [
        0.6994278709083548,
        4.129146756920321,
        2.7249264245310845,
        4.51148142282692,
        1.2789882708825246
      ]
    }
  },
  "michalewicz": {
    "Original": {
      "mean": -2.9106851182464224,
      "std": 0.34600410808137977,
      "raw": [
        -3.4300817215007298,
        -2.7223845629444927,
        -2.711030367730226,
        -3.1948672108060254,
        -2.495061728250637
      ]
    },
    "Backprop": {
      "mean": -2.9106851182464224,
      "std": 0.34600410808137977,
      "raw": [
        -3.4300817215007298,
        -2.7223845629444927,
        -2.711030367730226,
        -3.1948672108060254,
        -2.495061728250637
      ]
    }
  },
  "alpine1": {
    "Original": {
      "mean": 3.5542178776016486,
      "std": 1.7871130980907255,
      "raw": [
        5.844544496559343,
        1.580574875928019,
        1.86235388360376,
        5.470636593223411,
        3.0129795386937097
      ]
    },
    "Backprop": {
      "mean": 3.182418932930817,
      "std": 2.0369523148182775,
      "raw": [
        5.844544496559343,
        1.580574875928019,
        1.86235388360376,
        5.470636593223411,
        1.1539848153395513
      ]
    }
  },
  "zakharov": {
    "Original": {
      "mean": 2709.9754695721417,
      "std": 5338.883769560127,
      "raw": [
        29.328566428958293,
        37.09692961112615,
        71.79991942894839,
        23.960979549578177,
        13387.690952842098
      ]
    },
    "Backprop": {
      "mean": 1143.8374383601663,
      "std": 2206.703371982621,
      "raw": [
        29.328566428958293,
        36.97956347160003,
        71.79991942894839,
        23.960979549578177,
        5557.118162921746
      ]
    }
  }
}