{
  "sphere": {
    "Original": {
      "mean": 0.0,
      "std": 0.0,
      "raw": [
        0.0,
        0.0,
        0.0,
        0.0,
        0.0
      ]
    },
    "Backprop": {
      "mean": 4.82409517539849e-05,
      "std": 7.050831367761228e-05,
      "raw": [
        1.2031907529849561e-05,
        6.356547172570476e-06,
        0.0001872766575409994,
        3.9446095268271264e-07,
        3.514518557382236e-05
      ]
    }
  },
  "rosenbrock": {
    "Original": {
      "mean": 5.614061984770927,
      "std": 2.1254263247944225,
      "raw": [
        4.20360259951775,
        9.832568059201225,
        5.0,
        4.421834212511641,
        4.612305052624018
      ]
    },
    "Backprop": {
      "mean": 14.746044250533902,
      "std": 7.03211339805271,
      "raw": [
        8.281459318529791,
        7.5106279664946705,
        17.629243440777696,
        13.585710740497223,
        26.72317978637013
      ]
    }
  },
  "rastrigin": {
    "Original": {
      "mean": 0.8,
      "std": 0.7483314773547883,
      "raw": [
        0.0,
        1.0,
        1.0,
        0.0,
        2.0
      ]
    },
    "Backprop": {
      "mean": 35.23803756760056,
      "std": 7.599968977922314,
      "raw": [
        46.30449022251757,
        23.947311708446712,
        30.956951648936318,
        35.21322393688965,
        39.76821032121253
      ]
    }
  },
  "griewank": {
    "Original": {
      "mean": 0.0,
      "std": 0.0,
      "raw": [
        0.0,
        0.0,
        0.0,
        0.0,
        0.0
      ]
    },
    "Backprop": {
      "mean": 0.3960910621781993,
      "std": 0.10880893473641991,
      "raw": [
        0.28382912016329387,
        0.35685751489593853,
        0.4890432207861958,
        0.29364116140491536,
        0.557084293640653
      ]
    }
  },
  "levy": {
    "Original": {
      "mean": 0.04329778766078337,
      "std": 0.04084850576638274,
      "raw": [
        1.4997597826618576e-32,
        1.4997597826618576e-32,
        0.09084455411697445,
        0.03479983006996796,
        0.09084455411697445
      ]
    },
    "Backprop": {
      "mean": 2.668794149213841,
      "std": 1.5060704417173914,
      "raw": [
        0.6994278709083548,
        4.129146756920321,
        2.7249264245310845,
        4.51148142282692,
        1.2789882708825246
      ]
    }
  },
  "michalewicz": {
    "Original": {
      "mean": -1.9759387292451813,
      "std": 0.07703901441395034,
      "raw": [
        -1.9578041025617257,
        -2.110631877380917,
        -1.983132324400592,
        -1.8722601657771776,
        -1.955865176105493
      ]
    },
    "Backprop": {
      "mean": -2.9106851182464224,
      "std": 0.34600410808137977,
      "raw": [
        -3.4300817215007298,
        -2.7223845629444927,
        -2.711030367730226,
        -3.1948672108060254,
        -2.495061728250637
      ]
    }
  },
  "alpine1": {
    "Original": {
      "mean": 0.0955013901076264,
      "std": 0.1419782675193409,
      "raw": [
        0.3660037717231407,
        0.0,
        0.0,
        0.0,
        0.11150317881499126
      ]
    },
    "Backprop": {
      "mean": 3.182418932930817,
      "std": 2.0369523148182775,
      "raw": [
        5.844544496559343,
        1.580574875928019,
        1.86235388360376,
        5.470636593223411,
        1.1539848153395513
      ]
    }
  },
  "zakharov": {
    "Original": {
      "mean": 12.543128107831329,
      "std": 10.62101432049618,
      "raw": [
        7.2524980884834305,
        20.166680633605644,
        3.0,
        29.580572111323303,
        2.7158897057442655
      ]
    },
    "Backprop": {
      "mean": 1143.8374383601663,
      "std": 2206.703371982621,
      "raw": [
        29.328566428958293,
        36.97956347160003,
        71.79991942894839,
        23.960979549578177,
        5557.118162921746
      ]
    }
  }
}