{
  "sphere": {
    "Backprop": {
      "mean": 0.0004031882912741055,
      "std": 0.00039777605041355,
      "raw": [
        0.00039138982112564503,
        4.010474132501174e-05,
        0.0004685628209462016,
        0.001108845290619062,
        7.0387823546074145e-06
      ]
    },
    "Subspace": {
      "mean": 0.00048603268161569527,
      "std": 0.000562836459468107,
      "raw": [
        0.001338617710573638,
        2.7795501508017067e-07,
        8.759474933517167e-05,
        0.0009823639190519404,
        2.1309074102646056e-05
      ]
    }
  },
  "rosenbrock": {
    "Backprop": {
      "mean": 46.421220034777264,
      "std": 9.594491041310386,
      "raw": [
        33.50473594039829,
        54.329306812448486,
        49.75592608423044,
        57.707395986661815,
        36.80873535014727
      ]
    },
    "Subspace": {
      "mean": 51.710957923741056,
      "std": 16.165432927600705,
      "raw": [
        33.838577701369566,
        51.75200033129185,
        54.572500854966236,
        80.01587748387297,
        38.37583324720469
      ]
    }
  },
  "rastrigin": {
    "Backprop": {
      "mean": 64.59397297675216,
      "std": 8.213053910477717,
      "raw": [
        49.256109521760884,
        68.75664955868011,
        72.44187370645813,
        63.2938027455076,
        69.22142935135412
      ]
    },
    "Subspace": {
      "mean": 57.66858998307551,
      "std": 9.96220888048645,
      "raw": [
        45.35860513300816,
        48.157536726371866,
        64.86201676153564,
        58.07213977540018,
        71.89265151906172
      ]
    }
  },
  "griewank": {
    "Backprop": {
      "mean": 0.6284265045007353,
      "std": 0.22572745323877508,
      "raw": [
        0.46251207449188236,
        0.5863795060581154,
        0.9491077622850835,
        0.8131884661837419,
        0.3309447134848542
      ]
    },
    "Subspace": {
      "mean": 0.5337648307020578,
      "std": 0.2886913154669779,
      "raw": [
        1.0057366127480498,
        0.18162280034739042,
        0.30397302867275666,
        0.6632505772085378,
        0.5142411345335547
      ]
    }
  },
  "levy": {
    "Backprop": {
      "mean": 4.802780784361682,
      "std": 2.52977441061229,
      "raw": [
        3.2119234417919955,
        8.073712315839574,
        3.731923070618096,
        1.5454903699247857,
        7.450854723633956
      ]
    },
    "Subspace": {
      "mean": 4.9050558153515755,
      "std": 2.76659985624295,
      "raw": [
        3.534764950602538,
        9.481522709789793,
        3.575505411181733,
        1.525425593229924,
        6.408060411953891
      ]
    }
  },
  "michalewicz": {
    "Backprop": {
      "mean": -3.9581281654362157,
      "std": 0.47861664609131294,
      "raw": [
        -4.3146554758206594,
        -3.6373718239762685,
        -3.963026284353993,
        -4.614004438132151,
        -3.2615828048980067
      ]
    },
    "Subspace": {
      "mean": -4.012769847042447,
      "std": 0.29690040896337544,
      "raw": [
        -4.280306756657217,
        -3.8892371790784277,
        -3.963026284353993,
        -4.382170410571155,
        -3.5491086045514444
      ]
    }
  },
  "alpine1": {
    "Backprop": {
      "mean": 11.798391938062789,
      "std": 3.485952530982176,
      "raw": [
        13.399693707124797,
        5.047967230692608,
        14.983809105975372,
        12.25490138994501,
        13.305588256576161
      ]
    },
    "Subspace": {
      "mean": 13.046259941025216,
      "std": 1.484554268171778,
      "raw": [
        12.33383041142433,
        14.73315504185118,
        11.06422232082175,
        14.820924031076594,
        12.279167899952219
      ]
    }
  },
  "zakharov": {
    "Backprop": {
      "mean": 48989.19365296054,
      "std": 95808.35854762525,
      "raw": [
        1334.96750395668,
        2724.670915608149,
        240596.47766926241,
        156.5009551297532,
        133.35122084567774
      ]
    },
    "Subspace": {
      "mean": 137197.39170076593,
      "std": 165303.50150694634,
      "raw": [
        65793.98535613183,
        440858.1770322293,
        179044.78958716168,
        146.47371296881823,
        143.53281533794845
      ]
    }
  }
}