{
  "sphere": {
    "Original": {
      "mean": 4.82409517539849e-05,
      "std": 7.050831367761228e-05,
      "raw": [
        1.2031907529849561e-05,
        6.356547172570476e-06,
        0.0001872766575409994,
        3.9446095268271264e-07,
        3.514518557382236e-05
      ]
    },
    "Backprop": {
      "mean": 5.1874044579833116e-05,
      "std": 7.000737510353604e-05,
      "raw": [
        1.2031907529849561e-05,
        4.334075160182751e-06,
        0.0001872766575409994,
        3.6680670346997917e-06,
        5.205951563343408e-05
      ]
    }
  },
  "rosenbrock": {
    "Original": {
      "mean": 14.746044250533902,
      "std": 7.03211339805271,
      "raw": [
        8.281459318529791,
        7.5106279664946705,
        17.629243440777696,
        13.585710740497223,
        26.72317978637013
      ]
    },
    "Backprop": {
      "mean": 14.640365343034698,
      "std": 7.131734116968562,
      "raw": [
        7.753064781033775,
        7.5106279664946705,
        17.629243440777696,
        13.585710740497223,
        26.72317978637013
      ]
    }
  },
  "rastrigin": {
    "Original": {
      "mean": 36.30369584743928,
      "std": 8.961227620556242,
      "raw": [
        47.252816128567886,
        23.947311708446712,
        27.697619192599653,
        42.852521886369594,
        39.76821032121253
      ]
    },
    "Backprop": {
      "mean": 35.77205716781262,
      "std": 8.657823546629198,
      "raw": [
        47.252816128567886,
        23.947311708446712,
        30.956951648936318,
        32.57822656712223,
        44.12497978598995
      ]
    }
  },
  "griewank": {
    "Original": {
      "mean": 0.5370722848777558,
      "std": 0.2195801649963583,
      "raw": [
        0.7183743180954121,
        0.8236800849039236,
        0.4890432207861958,
        0.19370389562310042,
        0.4605599049801472
      ]
    },
    "Backprop": {
      "mean": 0.24524799809502928,
      "std": 0.17601310408681606,
      "raw": [
        0.04961812389047193,
        0.1211048594543811,
        0.2047915520847251,
        0.29364116140491536,
        0.557084293640653
      ]
    }
  },
  "levy": {
    "Original": {
      "mean": 2.668794149213841,
      "std": 1.5060704417173914,
      "raw": [
        0.6994278709083548,
        4.129146756920321,
        2.7249264245310845,
        4.51148142282692,
        1.2789882708825246
      ]
    },
    "Backprop": {
      "mean": 1.9518739598056445,
      "std": 0.7845505604067283,
      "raw": [
        0.6994278709083548,
        1.3936593173713103,
        2.7249264245310845,
        2.6459600743097798,
        2.295396111907692
      ]
    }
  },
  "michalewicz": {
    "Original": {
      "mean": -2.9106851182464224,
      "std": 0.34600410808137977,
      "raw": [
        -3.4300817215007298,
        -2.7223845629444927,
        -2.711030367730226,
        -3.1948672108060254,
        -2.495061728250637
      ]
    },
    "Backprop": {
      "mean": -2.8920579513873528,
      "std": 0.36958152099630326,
      "raw": [
        -3.4300817215007298,
        -2.7223845629444927,
        -2.711030367730226,
        -3.1948672108060254,
        -2.4019258939552888
      ]
    }
  },
  "alpine1": {
    "Original": {
      "mean": 3.5542178776016486,
      "std": 1.7871130980907255,
      "raw": [
        5.844544496559343,
        1.580574875928019,
        1.86235388360376,
        5.470636593223411,
        3.0129795386937097
      ]
    },
    "Backprop": {
      "mean": 4.562356102595105,
      "std": 2.2601364544899867,
      "raw": [
        5.844544496559343,
        2.905759444419359,
        7.544859758679914,
        5.36263199797736,
        1.1539848153395513
      ]
    }
  },
  "zakharov": {
    "Original": {
      "mean": 2709.9754695721417,
      "std": 5338.883769560127,
      "raw": [
        29.328566428958293,
        37.09692961112615,
        71.79991942894839,
        23.960979549578177,
        13387.690952842098
      ]
    },
    "Backprop": {
      "mean": 1222.0290048143954,
      "std": 2174.834393971614,
      "raw": [
        29.328566428958293,
        482.71236797510323,
        17.024947196591288,
        23.960979549578177,
        5557.118162921746
      ]
    }
  }
}