{
  "task": "cifar10",
  "n_evals": 30,
  "n_seeds": 2,
  "seed_start": 0,
  "timestamp": "20251228_131116",
  "optimizers": {
    "HPO_v5s_Fixed": {
      "final_errors": [
        0.11530853271484376,
        0.13899917602539058
      ],
      "histories": [
        [
          0.4025080490112305,
          0.4025080490112305,
          0.27457878112792966,
          0.27457878112792966,
          0.27457878112792966,
          0.27457878112792966,
          0.27457878112792966,
          0.27457878112792966,
          0.22275024414062505,
          0.2132510375976563,
          0.2132510375976563,
          0.2132510375976563,
          0.2132510375976563,
          0.2132510375976563,
          0.2132510375976563,
          0.2132510375976563,
          0.2132510375976563,
          0.2132510375976563,
          0.2132510375976563,
          0.11620338439941402,
          0.11620338439941402,
          0.11620338439941402,
          0.11620338439941402,
          0.11620338439941402,
          0.11620338439941402,
          0.11620338439941402,
          0.11530853271484376,
          0.11530853271484376,
          0.11530853271484376,
          0.11530853271484376
        ],
        [
          0.1654588317871094,
          0.1654588317871094,
          0.1654588317871094,
          0.15529762268066405,
          0.15529762268066405,
          0.15529762268066405,
          0.15529762268066405,
          0.15529762268066405,
          0.15529762268066405,
          0.15529762268066405,
          0.15529762268066405,
          0.14476165771484373,
          0.14476165771484373,
          0.14476165771484373,
          0.14476165771484373,
          0.14476165771484373,
          0.14476165771484373,
          0.14476165771484373,
          0.14476165771484373,
          0.14476165771484373,
          0.14476165771484373,
          0.14476165771484373,
          0.14476165771484373,
          0.14476165771484373,
          0.14476165771484373,
          0.14476165771484373,
          0.14476165771484373,
          0.1432316589355469,
          0.1432316589355469,
          0.13899917602539058
        ]
      ],
      "times": [
        0.1514134407043457,
        0.13280653953552246
      ],
      "mean": 0.12715385437011717,
      "std": 0.01184532165527341,
      "min": 0.11530853271484376,
      "max": 0.13899917602539058,
      "median": 0.12715385437011717
    }
  }
}