{
  "task": "cifar10",
  "n_evals": 20,
  "n_seeds": 2,
  "seed_start": 0,
  "timestamp": "20251228_130922",
  "optimizers": {
    "Random": {
      "final_errors": [
        0.137850112915039,
        0.08617317199707031
      ],
      "histories": [
        [
          0.46092571258544923,
          0.20521820068359375,
          0.20521820068359375,
          0.20521820068359375,
          0.20521820068359375,
          0.17877548217773442,
          0.17877548217773442,
          0.17877548217773442,
          0.17877548217773442,
          0.17877548217773442,
          0.15170982360839846,
          0.15170982360839846,
          0.15170982360839846,
          0.15170982360839846,
          0.137850112915039,
          0.137850112915039,
          0.137850112915039,
          0.137850112915039,
          0.137850112915039,
          0.137850112915039
        ],
        [
          0.2787843322753907,
          0.1448286437988281,
          0.1448286437988281,
          0.1448286437988281,
          0.1448286437988281,
          0.1448286437988281,
          0.1448286437988281,
          0.1448286437988281,
          0.1448286437988281,
          0.1448286437988281,
          0.1448286437988281,
          0.1448286437988281,
          0.1448286437988281,
          0.1448286437988281,
          0.1448286437988281,
          0.1448286437988281,
          0.1448286437988281,
          0.1448286437988281,
          0.08617317199707031,
          0.08617317199707031
        ]
      ],
      "times": [
        0.05739188194274902,
        0.05382704734802246
      ],
      "mean": 0.11201164245605466,
      "std": 0.025838470458984353,
      "min": 0.08617317199707031,
      "max": 0.137850112915039,
      "median": 0.11201164245605466
    },
    "Optuna_TPE": {
      "final_errors": [
        0.10486328125,
        0.128861083984375
      ],
      "histories": [
        [
          0.4298741912841797,
          0.18529403686523438,
          0.18529403686523438,
          0.18529403686523438,
          0.18529403686523438,
          0.13539588928222657,
          0.13539588928222657,
          0.13539588928222657,
          0.13539588928222657,
          0.13539588928222657,
          0.13539588928222657,
          0.1345656585693359,
          0.1345656585693359,
          0.1162044525146484,
          0.11155090332031248,
          0.10651466369628904,
          0.10651466369628904,
          0.10486328125,
          0.10486328125,
          0.10486328125
        ],
        [
          0.19313964843749998,
          0.19313964843749998,
          0.15788665771484378,
          0.15788665771484378,
          0.15788665771484378,
          0.15788665771484378,
          0.15788665771484378,
          0.15788665771484378,
          0.15788665771484378,
          0.15788665771484378,
          0.15788665771484378,
          0.1322238922119141,
          0.1322238922119141,
          0.128861083984375,
          0.128861083984375,
          0.128861083984375,
          0.128861083984375,
          0.128861083984375,
          0.128861083984375,
          0.128861083984375
        ]
      ],
      "times": [
        0.15713882446289062,
        0.09996891021728516
      ],
      "mean": 0.1168621826171875,
      "std": 0.011998901367187509,
      "min": 0.10486328125,
      "max": 0.128861083984375,
      "median": 0.1168621826171875
    }
  }
}