{
  "task": "cifar10",
  "n_evals": 30,
  "n_seeds": 2,
  "seed_start": 0,
  "timestamp": "20251228_131010",
  "optimizers": {
    "TuRBO": {
      "final_errors": [
        0.1681862640380859,
        0.11103836059570316
      ],
      "histories": [
        [
          0.2235623168945312,
          0.2235623168945312,
          0.2235623168945312,
          0.2235623168945312,
          0.2235623168945312,
          0.2235623168945312,
          0.2235623168945312,
          0.2235623168945312,
          0.2235623168945312,
          0.2235623168945312,
          0.2235623168945312,
          0.2235623168945312,
          0.2235623168945312,
          0.2235623168945312,
          0.2222205352783203,
          0.2222205352783203,
          0.2222205352783203,
          0.2167173767089844,
          0.2167173767089844,
          0.2167173767089844,
          0.2167173767089844,
          0.2167173767089844,
          0.2167173767089844,
          0.2167173767089844,
          0.2167173767089844,
          0.18175987243652347,
          0.18175987243652347,
          0.17995742797851566,
          0.17995742797851566,
          0.1681862640380859
        ],
        [
          0.13699584960937505,
          0.13699584960937505,
          0.13699584960937505,
          0.13699584960937505,
          0.13699584960937505,
          0.13699584960937505,
          0.13699584960937505,
          0.13699584960937505,
          0.13699584960937505,
          0.13699584960937505,
          0.13699584960937505,
          0.131187973022461,
          0.131187973022461,
          0.131187973022461,
          0.131187973022461,
          0.131187973022461,
          0.1234426116943359,
          0.1234426116943359,
          0.12008590698242183,
          0.12008590698242183,
          0.12008590698242183,
          0.1190175628662109,
          0.1190175628662109,
          0.1190175628662109,
          0.11598922729492189,
          0.11598922729492189,
          0.11524681091308597,
          0.11488563537597651,
          0.11488563537597651,
          0.11103836059570316
        ]
      ],
      "times": [
        5.8822340965271,
        6.329976797103882
      ],
      "mean": 0.13961231231689453,
      "std": 0.02857395172119137,
      "min": 0.11103836059570316,
      "max": 0.1681862640380859,
      "median": 0.13961231231689453
    },
    "HPO_v5s_Fixed": {
      "final_errors": [
        NaN,
        NaN
      ],
      "histories": [
        [],
        []
      ],
      "times": [
        0,
        0
      ]
    }
  }
}