{
  "nn_tabular": {
    "31": {
      "alba": [
        0.09292929292929293,
        0.09292929292929293,
        0.09427609427609426
      ],
      "alba_llr": [
        0.09292929292929293,
        0.09360269360269362,
        0.09629629629629628
      ],
      "random": [
        0.08956228956228955,
        0.09427609427609425,
        0.08956228956228955
      ],
      "optuna": [
        0.09225589225589226,
        0.09292929292929293,
        0.0936026936026936
      ]
    },
    "53": {
      "alba": [
        0.051587301587301584,
        0.050793650793650794,
        0.04920634920634921
      ],
      "alba_llr": [
        0.052380952380952375,
        0.050793650793650794,
        0.04920634920634921
      ],
      "random": [
        0.050793650793650794,
        0.05396825396825398,
        0.052380952380952375
      ],
      "optuna": [
        0.049206349206349184,
        0.04920634920634921,
        0.049206349206349184
      ]
    }
  }
}