{
  "synthetic": {
    "sphere": {
      "alba": [
        20.13951307224614,
        9.493733004937615,
        9.773178658477617
      ],
      "alba_llr": [
        0.8658213788509941,
        0.6796507950197239,
        1.268850819413961
      ],
      "random": [
        27.759084102721268,
        26.796420091355543,
        18.550788692656177
      ],
      "optuna": [
        6.3707547075760464,
        4.581946603150722,
        6.161256337307328
      ]
    },
    "rastrigin": {
      "alba": [
        111.27914415466779,
        76.94652475438053,
        90.06254325004662
      ],
      "alba_llr": [
        98.72164734783973,
        69.56684918403303,
        76.6062844922256
      ],
      "random": [
        70.88339684998692,
        102.58991937404717,
        101.32284240575544
      ],
      "optuna": [
        71.34761206599796,
        73.34114381401628,
        83.55706569391953
      ]
    },
    "ackley": {
      "alba": [
        4.842109326091315,
        4.909735940816919,
        5.967490145084241
      ],
      "alba_llr": [
        3.804468015800165,
        3.670626924359365,
        2.1946973020802045
      ],
      "random": [
        6.642847261838632,
        7.377718424580435,
        6.378017104003373
      ],
      "optuna": [
        4.61372391018724,
        4.487189152709391,
        4.7519762520897615
      ]
    },
    "levy": {
      "alba": [
        7.833741005205724,
        12.643939221903299,
        19.105388887650534
      ],
      "alba_llr": [
        4.523735694905712,
        7.172846571770938,
        6.310272668782585
      ],
      "random": [
        30.99941758731931,
        29.32532845357988,
        32.383175216427176
      ],
      "optuna": [
        4.855003632002742,
        6.086169493316134,
        19.846618913378325
      ]
    },
    "rosenbrock": {
      "alba": [
        3335.289480312251,
        5947.060743252236,
        5801.834979493946
      ],
      "alba_llr": [
        284.1563103380011,
        197.4540446968982,
        1100.892482534186
      ],
      "random": [
        70470.3427143502,
        102490.84019791259,
        23736.97863835094
      ],
      "optuna": [
        3714.529854952643,
        2793.132893284309,
        7196.00193064528
      ]
    }
  }
}