{
  "paramnet": {
    "adult": {
      "alba": [
        0.14711111020131243,
        0.14511110615840667,
        0.147055552697568
      ],
      "alba_llr": [
        0.14711111020131243,
        0.1463240714630595,
        0.14562037066949743
      ],
      "random": [
        0.14887962684476816,
        0.14785185148622149,
        0.14814814599713794
      ],
      "optuna": [
        0.1471851849108934,
        0.1456296250745654,
        0.14658333530580553
      ]
    },
    "higgs": {
      "alba": [
        0.27924815525881586,
        0.2802952034988636,
        0.2800276758248241
      ],
      "alba_llr": [
        0.27929889899118354,
        0.2792712176296984,
        0.27928505480811827
      ],
      "random": [
        0.2819188149739401,
        0.28340405769625543,
        0.282232470741956
      ],
      "optuna": [
        0.27929427710887583,
        0.2798800689375159,
        0.27991235996868
      ]
    }
  }
}