{
  "jahs": {
    "cifar10": {
      "alba": [
        0.9078529357910157,
        0.9112188720703125,
        0.9097815704345703
      ],
      "alba_llr": [
        0.9124802398681641,
        0.9127828216552735,
        0.9055570983886718
      ],
      "random": [
        0.8901043701171875,
        0.8903582763671875,
        0.8982731628417969
      ],
      "optuna": [
        0.9140863037109375,
        0.9131867980957031,
        0.9119093322753906
      ]
    },
    "fashion_mnist": {
      "alba": [
        0.9523155975341797,
        0.9485096740722656,
        0.9507217407226562
      ],
      "alba_llr": [
        0.9534214019775391,
        0.9450186157226562,
        0.9494517517089843
      ],
      "random": [
        0.94755859375,
        0.9490482330322265,
        0.9492511749267578
      ],
      "optuna": [
        0.9532743072509766,
        0.9519448089599609,
        0.952654800415039
      ]
    }
  }
}