{
  "synthetic": {
    "sphere": {
      "alba": [
        3.5194616985330915,
        5.729552276858486,
        8.901745981117843
      ],
      "alba_llr": [
        0.9663867661382113,
        1.9586836611191714,
        0.21191471843452067
      ],
      "random": [
        27.759084102721268,
        26.796420091355543,
        18.550788692656177
      ],
      "optuna": [
        6.3707547075760464,
        4.581946603150722,
        6.161256337307328
      ]
    },
    "rastrigin": {
      "alba": [
        65.38372931633036,
        79.08946151588485,
        68.44253275474048
      ],
      "alba_llr": [
        74.00785369437287,
        66.9576908903463,
        50.60304706484589
      ],
      "random": [
        70.88339684998691,
        102.58991937404717,
        101.32284240575544
      ],
      "optuna": [
        71.34761206599796,
        73.34114381401628,
        83.55706569391951
      ]
    },
    "ackley": {
      "alba": [
        4.710757989016933,
        5.018876886368272,
        6.531164844363243
      ],
      "alba_llr": [
        2.4572372499328847,
        3.7429449789453497,
        2.9143482473846984
      ],
      "random": [
        6.642847261838632,
        7.377718424580435,
        6.378017104003373
      ],
      "optuna": [
        4.613723910187243,
        4.487189152709391,
        4.7519762520897615
      ]
    },
    "levy": {
      "alba": [
        15.267669775588061,
        9.038176925993904,
        10.847640648313396
      ],
      "alba_llr": [
        8.58685305767954,
        7.393547710655483,
        2.965904031518501
      ],
      "random": [
        30.999417587319314,
        29.32532845357987,
        32.383175216427176
      ],
      "optuna": [
        4.8550036320027425,
        6.086169493316134,
        19.84661891337833
      ]
    },
    "rosenbrock": {
      "alba": [
        9063.753922179827,
        15225.749629913378,
        2730.365783795488
      ],
      "alba_llr": [
        1088.7699530395196,
        204.64068282384193,
        1167.674880913739
      ],
      "random": [
        70470.3427143502,
        102490.84019791259,
        23736.97863835094
      ],
      "optuna": [
        3714.529854952643,
        2793.132893284309,
        7196.00193064528
      ]
    }
  }
}