{
  "task": "cifar10",
  "budget": 1000,
  "seeds": [
    42,
    43,
    44,
    45,
    46
  ],
  "timestamp": "20260102_001741",
  "variants": {
    "V1": {
      "kwargs": {},
      "errors": [
        0.08086753845214845,
        0.08146316528320308,
        0.08293548583984378,
        0.0807611846923828,
        0.08238777160644528
      ],
      "mean": 0.08168302917480467,
      "std": 0.0008518769972356127,
      "mean_acc": 91.83169708251954,
      "time_s": 58.348573446273804
    },
    "META_default": {
      "kwargs": {},
      "errors": [
        0.08348579406738277,
        0.08208992004394533,
        0.08215484619140623,
        0.08084197998046871,
        0.08535919189453123
      ],
      "mean": 0.08278634643554686,
      "std": 0.001534478669411817,
      "mean_acc": 91.72136535644532,
      "time_s": 62.6543231010437
    },
    "META_lexi_topk": {
      "kwargs": {
        "leaf_selection_mode": "lexi_topk",
        "leaf_reward_topk": 5,
        "cat_selection_mode": "lexi_topk",
        "cat_reward_topk": 3
      },
      "errors": [
        0.08255386352539062,
        0.08239212036132815,
        0.08181221008300776,
        0.08273017883300782,
        0.08262916564941403
      ],
      "mean": 0.08242350769042968,
      "std": 0.0003249630621347724,
      "mean_acc": 91.75764923095703,
      "time_s": 63.40571403503418
    },
    "META_default_mix035": {
      "kwargs": {
        "cat_meta_mix_start": 0.35,
        "cat_meta_mix_end": 0.0
      },
      "errors": [
        0.08452133178710941,
        0.0824266815185547,
        0.08542236328124997,
        0.08474319458007817,
        0.08240844726562502
      ],
      "mean": 0.08390440368652345,
      "std": 0.0012497935985240714,
      "mean_acc": 91.60955963134766,
      "time_s": 62.94836616516113
    },
    "META_weak_meta": {
      "kwargs": {
        "meta_weight_start": 0.25,
        "meta_weight_end": 0.0,
        "meta_stagnation_boost": 0.35,
        "meta_beta": 0.75
      },
      "errors": [
        0.08326660156249999,
        0.08262817382812504,
        0.0839220428466797,
        0.0820124053955078,
        0.08468849182128901
      ],
      "mean": 0.0833035430908203,
      "std": 0.0009407603095146058,
      "mean_acc": 91.66964569091796,
      "time_s": 62.47094511985779
    },
    "META_quantile_mix_low": {
      "kwargs": {
        "meta_good_mode": "quantile",
        "gamma_m_quantile": 0.5,
        "cat_meta_mix_start": 0.3,
        "cat_meta_mix_end": 0.0
      },
      "errors": [
        0.08143295288085939,
        0.08475700378417972,
        0.08579643249511715,
        0.08497665405273436,
        0.08263908386230467
      ],
      "mean": 0.08392042541503905,
      "std": 0.0016226053525344247,
      "mean_acc": 91.60795745849609,
      "time_s": 61.83627438545227
    },
    "META_rewardish_cats": {
      "kwargs": {
        "cat_meta_mix_start": 0.25,
        "cat_meta_mix_end": 0.0,
        "meta_weight_start": 0.3,
        "meta_weight_end": 0.0
      },
      "errors": [
        0.08413856506347661,
        0.08717124938964849,
        0.08287094116210936,
        0.08317253112792966,
        0.08225173950195308
      ],
      "mean": 0.08392100524902343,
      "std": 0.001735552677244256,
      "mean_acc": 91.60789947509765,
      "time_s": 62.33662748336792
    }
  }
}