{
  "config": {
    "task": "fashion_mnist",
    "budget": 50,
    "seeds": [
      0,
      1,
      2
    ],
    "nepochs": 200,
    "checkpoints": [
      50
    ]
  },
  "seeds": {
    "0": {
      "v1": {
        "best": 94.07295989990234,
        "checkpoints": {
          "50": 94.07295989990234
        },
        "elapsed_s": 1.0217170715332031
      },
      "framework": {
        "best": 95.01692199707031,
        "checkpoints": {
          "50": 95.01692199707031
        },
        "elapsed_s": 1.045189380645752
      }
    },
    "1": {
      "v1": {
        "best": 93.97572326660156,
        "checkpoints": {
          "50": 93.97572326660156
        },
        "elapsed_s": 1.0138144493103027
      },
      "framework": {
        "best": 94.220947265625,
        "checkpoints": {
          "50": 94.220947265625
        },
        "elapsed_s": 1.0066702365875244
      }
    },
    "2": {
      "v1": {
        "best": 94.67161560058594,
        "checkpoints": {
          "50": 94.67161560058594
        },
        "elapsed_s": 1.0335547924041748
      },
      "framework": {
        "best": 94.51423645019531,
        "checkpoints": {
          "50": 94.51423645019531
        },
        "elapsed_s": 1.0029735565185547
      }
    }
  },
  "summary": {
    "v1": {
      "mean": 94.24009958902995,
      "std": 0.3076993033095886
    },
    "framework": {
      "mean": 94.5840352376302,
      "std": 0.3286820614924557
    },
    "wins": {
      "v1": 1,
      "framework": 2,
      "ties": 0
    }
  }
}