{
  "config": {
    "tasks": [
      "cifar10",
      "fashion_mnist"
    ],
    "budget": 60,
    "checkpoints": [
      30,
      60
    ],
    "nepochs": 200,
    "seeds": [
      70,
      71,
      72
    ],
    "framework": {
      "grid_bins": 8,
      "grid_batch_size": 512,
      "grid_batches": 4,
      "grid_sampling": "grid_random",
      "grid_jitter": true,
      "grid_penalty_lambda": 0.1,
      "grid_penalty_mode": "log",
      "grid_penalty_v0": 0.0,
      "heatmap_ucb": {
        "beta": 1.0,
        "explore_prob": 0.25,
        "temperature": 1.0
      },
      "heatmap_blend_tau": 3.0,
      "heatmap_soft_assignment": true,
      "heatmap_multi_resolution": true,
      "categorical_stage": "auto"
    },
    "timestamp": "20260107_222535"
  },
  "tasks": {
    "cifar10": {
      "framework": {
        "70": {
          "30": 0.12907211303710941,
          "60": 0.09729316711425784
        },
        "71": {
          "30": 0.11195495605468753,
          "60": 0.0896291351318359
        },
        "72": {
          "30": 0.1268933868408203,
          "60": 0.1098532104492187
        }
      },
      "experimental": {
        "70": {
          "30": 0.10555236816406255,
          "60": 0.0890525817871094
        },
        "71": {
          "30": 0.1067605590820313,
          "60": 0.09537849426269529
        },
        "72": {
          "30": 0.11177314758300783,
          "60": 0.10246498107910151
        }
      },
      "errors": {}
    },
    "fashion_mnist": {
      "framework": {
        "70": {
          "30": 0.051103668212890585,
          "60": 0.04738563537597651
        },
        "71": {
          "30": 0.05044876098632811,
          "60": 0.05044876098632811
        },
        "72": {
          "30": 0.052648239135742236,
          "60": 0.05106414794921876
        }
      },
      "experimental": {
        "70": {
          "30": 0.05539985656738278,
          "60": 0.051258392333984326
        },
        "71": {
          "30": 0.05295455932617188,
          "60": 0.05295455932617188
        },
        "72": {
          "30": 0.051593475341796924,
          "60": 0.048784027099609384
        }
      },
      "errors": {}
    }
  }
}