{
  "config": {
    "tasks": [
      "cifar10",
      "fashion_mnist"
    ],
    "budget": 60,
    "checkpoints": [
      30,
      60
    ],
    "nepochs": 200,
    "seeds": [
      70,
      71,
      72
    ],
    "framework": {
      "grid_bins": 8,
      "grid_batch_size": 512,
      "grid_batches": 4,
      "grid_sampling": "grid_random",
      "grid_jitter": true,
      "grid_penalty_lambda": 0.1,
      "grid_penalty_mode": "log_scaled",
      "grid_penalty_v0": 0.0,
      "grid_penalty_policy": "auto",
      "heatmap_ucb": {
        "beta": 1.0,
        "explore_prob": 0.25,
        "temperature": 1.0
      },
      "heatmap_blend_tau": 3.0,
      "heatmap_soft_assignment": true,
      "heatmap_multi_resolution": true,
      "categorical_stage": "auto"
    },
    "timestamp": "20260107_223331"
  },
  "tasks": {
    "cifar10": {
      "framework": {
        "70": {
          "30": 0.10911849975585941,
          "60": 0.09973625183105472
        },
        "71": {
          "30": 0.09430435180664065,
          "60": 0.09312294006347654
        },
        "72": {
          "30": 0.11172012329101566,
          "60": 0.10787300109863285
        }
      },
      "experimental": {
        "70": {
          "30": 0.10555236816406255,
          "60": 0.0890525817871094
        },
        "71": {
          "30": 0.1067605590820313,
          "60": 0.09537849426269529
        },
        "72": {
          "30": 0.11177314758300783,
          "60": 0.10246498107910151
        }
      },
      "errors": {}
    },
    "fashion_mnist": {
      "framework": {
        "70": {
          "30": 0.052024459838867165,
          "60": 0.04779373168945311
        },
        "71": {
          "30": 0.05387565612792966,
          "60": 0.05028511047363282
        },
        "72": {
          "30": 0.054085693359374964,
          "60": 0.04735427856445318
        }
      },
      "experimental": {
        "70": {
          "30": 0.05539985656738278,
          "60": 0.051258392333984326
        },
        "71": {
          "30": 0.05295455932617188,
          "60": 0.05295455932617188
        },
        "72": {
          "30": 0.051593475341796924,
          "60": 0.048784027099609384
        }
      },
      "errors": {}
    }
  }
}