{
  "task": "cifar10",
  "budget": 500,
  "seeds": [
    42,
    43,
    44
  ],
  "timestamp": "20260101_235312",
  "variants": {
    "V1": {
      "kwargs": {},
      "errors": [
        0.08208168029785157,
        0.08235237121582029,
        0.08315109252929687
      ],
      "mean": 0.08252838134765624,
      "std": 0.000453978931282709,
      "mean_acc": 91.74716186523438,
      "time_s": 13.873323202133179
    },
    "META_default": {
      "kwargs": {},
      "errors": [
        0.08153335571289066,
        0.08464401245117192,
        0.08231613159179685
      ],
      "mean": 0.08283116658528648,
      "std": 0.0013211086554463258,
      "mean_acc": 91.71688334147136,
      "time_s": 14.513822793960571
    },
    "META_weak_meta": {
      "kwargs": {
        "meta_weight_start": 0.25,
        "meta_weight_end": 0.0,
        "meta_stagnation_boost": 0.35,
        "meta_beta": 0.75
      },
      "errors": [
        0.08223976135253908,
        0.08429092407226557,
        0.08622047424316404
      ],
      "mean": 0.08425038655598956,
      "std": 0.0016253720080987206,
      "mean_acc": 91.57496134440105,
      "time_s": 14.605274438858032
    },
    "META_quantile_mix_low": {
      "kwargs": {
        "meta_good_mode": "quantile",
        "gamma_m_quantile": 0.5,
        "cat_meta_mix_start": 0.3,
        "cat_meta_mix_end": 0.0
      },
      "errors": [
        0.0875539398193359,
        0.08365798950195313,
        0.08551399230957035
      ],
      "mean": 0.08557530721028646,
      "std": 0.001591105874680897,
      "mean_acc": 91.44246927897134,
      "time_s": 14.66206979751587
    },
    "META_rewardish_cats": {
      "kwargs": {
        "cat_meta_mix_start": 0.25,
        "cat_meta_mix_end": 0.0,
        "meta_weight_start": 0.3,
        "meta_weight_end": 0.0
      },
      "errors": [
        0.08223602294921872,
        0.08648971557617191,
        0.08529335021972662
      ],
      "mean": 0.08467302958170575,
      "std": 0.0017911027351169143,
      "mean_acc": 91.53269704182942,
      "time_s": 13.764040470123291
    }
  }
}