{
  "config": {
    "tasks": [
      "cifar10",
      "fashion_mnist"
    ],
    "budget": 60,
    "checkpoints": [
      30,
      60
    ],
    "nepochs": 200,
    "seeds": [
      70,
      71,
      72
    ],
    "framework": {
      "grid_bins": 8,
      "grid_batch_size": 512,
      "grid_batches": 4,
      "grid_sampling": "grid_random",
      "grid_jitter": true,
      "grid_penalty_lambda": 0.1,
      "heatmap_ucb": {
        "beta": 1.0,
        "explore_prob": 0.25,
        "temperature": 1.0
      },
      "heatmap_blend_tau": 3.0,
      "heatmap_soft_assignment": true,
      "heatmap_multi_resolution": true,
      "categorical_stage": "auto"
    },
    "timestamp": "20260107_231302"
  },
  "tasks": {
    "cifar10": {
      "framework": {
        "70": {
          "30": 0.1043594360351563,
          "60": 0.09246345520019528
        },
        "71": {
          "30": 0.11723037719726559,
          "60": 0.09696487426757816
        },
        "72": {
          "30": 0.10151756286621094,
          "60": 0.08847724914550781
        }
      },
      "experimental": {
        "70": {
          "30": 0.10555236816406255,
          "60": 0.0890525817871094
        },
        "71": {
          "30": 0.1067605590820313,
          "60": 0.09537849426269529
        },
        "72": {
          "30": 0.11177314758300783,
          "60": 0.10246498107910151
        }
      },
      "errors": {}
    },
    "fashion_mnist": {
      "framework": {
        "70": {
          "30": 0.05397514343261722,
          "60": 0.04805809020996099
        },
        "71": {
          "30": 0.05872207641601568,
          "60": 0.05123527526855465
        },
        "72": {
          "30": 0.054085693359374964,
          "60": 0.048801651000976554
        }
      },
      "experimental": {
        "70": {
          "30": 0.05539985656738278,
          "60": 0.051258392333984326
        },
        "71": {
          "30": 0.05295455932617188,
          "60": 0.05295455932617188
        },
        "72": {
          "30": 0.051593475341796924,
          "60": 0.048784027099609384
        }
      },
      "errors": {}
    }
  }
}