{
  "config": {
    "budget": 400,
    "seeds": [
      70,
      71,
      72,
      73
    ],
    "datasets": [
      "cifar10-valid"
    ],
    "epoch": 200,
    "timestamp": "20260111_160804"
  },
  "datasets": {
    "cifar10-valid": {
      "dim": 6,
      "n_cat": 6,
      "categorical_dims": [
        [
          0,
          5
        ],
        [
          1,
          5
        ],
        [
          2,
          5
        ],
        [
          3,
          5
        ],
        [
          4,
          5
        ],
        [
          5,
          5
        ]
      ],
      "framework": {
        "70": 8.28000000976563,
        "71": 8.908000004882808,
        "72": 8.41200000976562,
        "73": 8.28000000976563
      },
      "experimental": {
        "70": 8.28000000976563,
        "71": 8.908000004882808,
        "72": 8.316000017089848,
        "73": 8.28000000976563
      }
    }
  }
}