{
  "config": {
    "budget": 20,
    "seeds": [
      42
    ],
    "task_ids": [
      31
    ],
    "timestamp": "20260102_175840",
    "turbo_trust_regions": 2
  },
  "hpobench": {
    "31": {
      "alba_v1": {
        "42": {
          "20": 0.09764309764309764
        }
      },
      "optuna_tpe": {
        "42": {
          "20": 0.09696969696969696
        }
      },
      "random": {
        "42": {
          "1": 0.12255892255892256,
          "2": 0.12255892255892256,
          "3": 0.12255892255892256,
          "4": 0.12255892255892256,
          "5": 0.12255892255892256,
          "6": 0.12255892255892256,
          "7": 0.12255892255892256,
          "8": 0.10639730639730642,
          "9": 0.10505050505050506,
          "10": 0.10505050505050506,
          "11": 0.10505050505050506,
          "12": 0.10505050505050506,
          "13": 0.10505050505050506,
          "14": 0.10505050505050506,
          "15": 0.10505050505050506,
          "16": 0.10505050505050506,
          "17": 0.10505050505050506,
          "18": 0.10505050505050506,
          "19": 0.10505050505050506,
          "20": 0.10505050505050506
        }
      },
      "turbo_m": {
        "42": {
          "20": 0.09898989898989899
        }
      },
      "dim": 5,
      "hp_names": [
        "alpha",
        "batch_size",
        "depth",
        "learning_rate_init",
        "width"
      ]
    }
  }
}