{
  "config": {
    "budget": 80,
    "checkpoints": [
      80
    ],
    "seeds": [
      70,
      71,
      72,
      73
    ],
    "task_ids": [
      31,
      53
    ],
    "timestamp": "20260108_235612"
  },
  "tasks": {
    "31": {
      "framework": {
        "70": {
          "80": 0.09427609427609426
        },
        "71": {
          "80": 0.09764309764309764
        },
        "72": {
          "80": 0.09494949494949496
        },
        "73": {
          "80": 0.09629629629629628
        }
      },
      "experimental": {
        "70": {
          "80": 0.09696969696969697
        },
        "71": {
          "80": 0.09225589225589226
        },
        "72": {
          "80": 0.09562289562289561
        },
        "73": {
          "80": 0.09494949494949494
        }
      },
      "errors": {}
    },
    "53": {
      "framework": {
        "70": {
          "80": 0.051587301587301584
        },
        "71": {
          "80": 0.052380952380952375
        },
        "72": {
          "80": 0.05396825396825398
        },
        "73": {
          "80": 0.051587301587301584
        }
      },
      "experimental": {
        "70": {
          "80": 0.051587301587301584
        },
        "71": {
          "80": 0.052380952380952375
        },
        "72": {
          "80": 0.050793650793650794
        },
        "73": {
          "80": 0.053174603174603166
        }
      },
      "errors": {}
    }
  }
}