{
  "config": {
    "budget": 5,
    "checkpoints": [
      5
    ],
    "seeds": [
      70
    ],
    "task_ids": [
      31
    ],
    "timestamp": "20260104_123003"
  },
  "tasks": {
    "31": {
      "framework": {
        "70": {
          "5": 0.10101010101010102
        }
      },
      "experimental": {
        "70": {
          "5": 0.10101010101010102
        }
      },
      "errors": {}
    }
  }
}