{
  "config": {
    "budget": 80,
    "checkpoints": [
      80
    ],
    "seeds": [
      70
    ],
    "task_ids": [
      31,
      53
    ],
    "timestamp": "20260108_231624"
  },
  "tasks": {
    "31": {
      "framework": {
        "70": {
          "80": 0.09427609427609426
        }
      },
      "experimental": {
        "70": {
          "80": 0.09696969696969697
        }
      },
      "errors": {}
    },
    "53": {
      "framework": {
        "70": {
          "80": 0.051587301587301584
        }
      },
      "experimental": {
        "70": {
          "80": 0.051587301587301584
        }
      },
      "errors": {}
    }
  }
}