{
  "config": {
    "datasets": [
      "adult"
    ],
    "budget": 5,
    "checkpoints": [
      1,
      5
    ],
    "seeds": [
      70
    ],
    "step": 50,
    "timestamp": "20260103_103011"
  },
  "datasets": {
    "adult": {
      "v1": {
        "70": {
          "1": 0.3701203666980619,
          "5": 0.15162962805700525
        }
      },
      "experimental": {
        "70": {
          "1": 0.3701203666980619,
          "5": 0.15162962805700525
        }
      },
      "errors": {}
    }
  }
}