{
  "config": {
    "datasets": [
      "letter",
      "mnist"
    ],
    "budget": 80,
    "checkpoints": [
      80
    ],
    "seeds": [
      70,
      71
    ],
    "step": 50,
    "framework": {
      "grid_bins": 8,
      "grid_batch_size": 512,
      "grid_batches": 4,
      "grid_sampling": "grid_random",
      "grid_jitter": true,
      "grid_penalty_lambda": 0.06,
      "heatmap_blend_tau": 3.0,
      "heatmap_soft_assignment": true,
      "heatmap_multi_resolution": true
    },
    "timestamp": "20260108_231525"
  },
  "datasets": {
    "letter": {
      "framework": {
        "70": {
          "80": 0.03853460123424668
        },
        "71": {
          "80": 0.03521031389970791
        }
      },
      "experimental": {
        "70": {
          "80": 0.04280868243680504
        },
        "71": {
          "80": 0.04622342686801947
        }
      },
      "errors": {}
    },
    "mnist": {
      "framework": {
        "70": {
          "80": 0.01593999984085561
        },
        "71": {
          "80": 0.015209999581575383
        }
      },
      "experimental": {
        "70": {
          "80": 0.015020000923275966
        },
        "71": {
          "80": 0.016400000706911076
        }
      },
      "errors": {}
    }
  }
}