{
  "config": {
    "datasets": [
      "letter"
    ],
    "budget": 20,
    "seeds": [
      70,
      71
    ],
    "step": 50,
    "timestamp": "20260111_170950"
  },
  "datasets": {
    "letter": {
      "framework": {
        "70": 0.046087744069120994,
        "71": 0.0975350507577584
      },
      "experimental": {
        "70": 0.046087744069120994,
        "71": 0.0975350507577584
      },
      "errors": {}
    }
  }
}