{
  "config": {
    "datasets": [
      "letter",
      "mnist"
    ],
    "budget": 400,
    "seeds": [
      70,
      71,
      72,
      73
    ],
    "step": 50,
    "timestamp": "20260111_160409"
  },
  "datasets": {
    "letter": {
      "framework": {
        "70": 0.03464495998763865,
        "71": 0.034102217686602224,
        "72": 0.033061963999125824,
        "73": 0.03439620162420605
      },
      "experimental": {
        "70": 0.0340796021140576,
        "71": 0.033808231778351884,
        "72": 0.03367254868291286,
        "73": 0.03256445040885057
      },
      "errors": {}
    },
    "mnist": {
      "framework": {
        "70": 0.01547999890208247,
        "71": 0.014860002337694144,
        "72": 0.014640005326271032,
        "73": 0.014910003757476841
      },
      "experimental": {
        "70": 0.01493000423789025,
        "71": 0.01458000139832497,
        "72": 0.01457000575900077,
        "73": 0.015130000782608977
      },
      "errors": {}
    }
  }
}