{
  "config": {
    "datasets": [
      "letter"
    ],
    "budget": 80,
    "checkpoints": [
      80
    ],
    "seeds": [
      70,
      71,
      72,
      73
    ],
    "step": 50,
    "framework": {
      "grid_bins": 8,
      "grid_batch_size": 512,
      "grid_batches": 4,
      "grid_sampling": "grid_random",
      "grid_jitter": true,
      "grid_penalty_lambda": 0.06,
      "heatmap_blend_tau": 3.0,
      "heatmap_soft_assignment": true,
      "heatmap_multi_resolution": true
    },
    "timestamp": "20260109_004110"
  },
  "datasets": {
    "letter": {
      "framework": {
        "70": {
          "80": 0.03853460123424668
        },
        "71": {
          "80": 0.03521031389970791
        },
        "72": {
          "80": 0.04360018052945898
        },
        "73": {
          "80": 0.03722297711131909
        }
      },
      "experimental": {
        "70": {
          "80": 0.04280868243680504
        },
        "71": {
          "80": 0.04622342686801947
        },
        "72": {
          "80": 0.04002714168426948
        },
        "73": {
          "80": 0.03794662878018383
        }
      },
      "errors": {}
    }
  }
}