{
  "config": {
    "datasets": [
      "letter"
    ],
    "budget": 50,
    "seeds": [
      70,
      71
    ],
    "step": 50,
    "timestamp": "20260111_170352"
  },
  "datasets": {
    "letter": {
      "framework": {
        "70": 0.03701944483426406,
        "71": 0.05124377889743169
      },
      "experimental": {
        "70": 0.04563545597618601,
        "71": 0.05368611297015419
      },
      "errors": {}
    }
  }
}