{
  "config": {
    "datasets": [
      "letter"
    ],
    "budget": 80,
    "checkpoints": [
      80
    ],
    "seeds": [
      70,
      71,
      72,
      73
    ],
    "step": 50,
    "framework": {
      "grid_bins": 8,
      "grid_batch_size": 512,
      "grid_batches": 4,
      "grid_sampling": "grid_random",
      "grid_jitter": true,
      "grid_penalty_lambda": 0.0,
      "heatmap_blend_tau": 3.0,
      "heatmap_soft_assignment": true,
      "heatmap_multi_resolution": true
    },
    "timestamp": "20260109_011219"
  },
  "datasets": {
    "letter": {
      "framework": {
        "70": {
          "80": 0.036182723555937976
        },
        "71": {
          "80": 0.03658977976108448
        },
        "72": {
          "80": 0.03548168263139902
        },
        "73": {
          "80": 0.0407055627889948
        }
      },
      "experimental": {
        "70": {
          "80": 0.04280868243680504
        },
        "71": {
          "80": 0.04622342686801947
        },
        "72": {
          "80": 0.04002714168426948
        },
        "73": {
          "80": 0.03794662878018383
        }
      },
      "errors": {}
    }
  }
}