{
  "config": {
    "datasets": [
      "adult",
      "higgs",
      "letter",
      "mnist",
      "optdigits",
      "poker"
    ],
    "budget": 400,
    "seeds": [
      70,
      71,
      72,
      73,
      74,
      75,
      76,
      77,
      78,
      79
    ],
    "step": 50,
    "timestamp": "20260111_172111"
  },
  "datasets": {
    "adult": {
      "framework": {
        "70": 0.1473796295694731,
        "71": 0.14674074085056782,
        "72": 0.14634258799806785,
        "73": 0.1464166628315493,
        "74": 0.1468518513965386,
        "75": 0.14687962173725713,
        "76": 0.1479722170807697,
        "77": 0.14701851595524282,
        "78": 0.14636111066186872,
        "79": 0.14723147756247607
      },
      "experimental": {
        "70": 0.14764814955823954,
        "71": 0.14837036873731346,
        "72": 0.14629629392728763,
        "73": 0.14573147701554823,
        "74": 0.14738888745975715,
        "75": 0.14485184817374855,
        "76": 0.1465092590895516,
        "77": 0.1462222208571103,
        "78": 0.14749073715204442,
        "79": 0.14669444300731022
      },
      "optuna": {
        "70": 0.14680555413773763,
        "71": 0.14595370368659494,
        "72": 0.14532407037251524,
        "73": 0.1469629612473978,
        "74": 0.1464629622692311,
        "75": 0.1470462963525896,
        "76": 0.14652777707135234,
        "77": 0.14672222275204133,
        "78": 0.14676851455701723,
        "79": 0.1462592571212186
      },
      "errors": {}
    },
    "higgs": {
      "framework": {
        "70": 0.27973708487538507,
        "71": 0.2784594086748703,
        "72": 0.2787361623305566,
        "73": 0.2788837643935452,
        "74": 0.2794557176996366,
        "75": 0.2794418837740413,
        "76": 0.279515680937282,
        "77": 0.28142065513672865,
        "78": 0.2768450191787468,
        "79": 0.28101014208034836
      },
      "experimental": {
        "70": 0.2806872659608227,
        "71": 0.279460327558948,
        "72": 0.2804197413632406,
        "73": 0.28079796500765203,
        "74": 0.27960331884065026,
        "75": 0.28004150965639363,
        "76": 0.27886069604862357,
        "77": 0.2805488891755248,
        "78": 0.28137914985308343,
        "79": 0.28075184147756865
      },
      "optuna": {
        "70": 0.27903597872855473,
        "71": 0.2794557181851616,
        "72": 0.27950645718751027,
        "73": 0.28052582822258953,
        "74": 0.28035515985461956,
        "75": 0.27704335709738226,
        "76": 0.27723708332657154,
        "77": 0.28143911312880665,
        "78": 0.2800691880283678,
        "79": 0.2783948330563318
      },
      "errors": {}
    },
    "letter": {
      "framework": {
        "70": 0.03464495998763865,
        "71": 0.034102217686602224,
        "72": 0.033061963999125824,
        "73": 0.03439620162420605,
        "74": 0.034848485883680835,
        "75": 0.03462234136477038,
        "76": 0.036318409548038735,
        "77": 0.034079604623868734,
        "78": 0.03376300591707552,
        "79": 0.0338760764404208
      },
      "experimental": {
        "70": 0.0340796021140576,
        "71": 0.033808231778351884,
        "72": 0.03367254868291286,
        "73": 0.03256445040885057,
        "74": 0.03493894102992864,
        "75": 0.03498417271957412,
        "76": 0.034034375338897284,
        "77": 0.033491633931526175,
        "78": 0.033808234156067686,
        "79": 0.03437358761523871
      },
      "optuna": {
        "70": 0.034283133345133346,
        "71": 0.03426051681557157,
        "72": 0.034260519119152254,
        "73": 0.03505201518454737,
        "74": 0.03525554208747944,
        "75": 0.03403437537933464,
        "76": 0.034011760122201265,
        "77": 0.03403437537933464,
        "78": 0.034938941203809214,
        "79": 0.034328358373400404
      },
      "errors": {}
    },
    "mnist": {
      "framework": {
        "70": 0.01547999890208247,
        "71": 0.014860002337694144,
        "72": 0.014640005326271032,
        "73": 0.014910003757476841,
        "74": 0.01498000171601772,
        "75": 0.014790001746416093,
        "76": 0.01498000188171863,
        "77": 0.014670002541542049,
        "78": 0.01516000395417214,
        "79": 0.01530999882777533
      },
      "experimental": {
        "70": 0.01493000423789025,
        "71": 0.01458000139832497,
        "72": 0.01457000575900077,
        "73": 0.015130000782608977,
        "74": 0.01504000334143638,
        "75": 0.014670000944137562,
        "76": 0.01480000575184821,
        "77": 0.015209999717473988,
        "78": 0.015089998464584342,
        "79": 0.014780001818537714
      },
      "optuna": {
        "70": 0.015270003746747963,
        "71": 0.014940001665949809,
        "72": 0.0153099989694357,
        "73": 0.014850003911852826,
        "74": 0.014800003432631482,
        "75": 0.014780000329613685,
        "76": 0.015040000106096274,
        "77": 0.014960000333786017,
        "78": 0.01496000202476977,
        "79": 0.014710003478527068
      },
      "errors": {}
    },
    "optdigits": {
      "framework": {
        "70": 0.013917943516376041,
        "71": 0.015285599270081784,
        "72": 0.01480289839106228,
        "73": 0.01633145947755583,
        "74": 0.015768303707158104,
        "75": 0.015607404545824665,
        "76": 0.01568785701081913,
        "77": 0.013998394816130865,
        "78": 0.015285602113650109,
        "79": 0.015205152895022878
      },
      "experimental": {
        "70": 0.014883351254060406,
        "71": 0.014481094731310162,
        "72": 0.014641996031313897,
        "73": 0.015526947501390465,
        "74": 0.014641994362575628,
        "75": 0.014963798463488432,
        "76": 0.01609010531455397,
        "77": 0.015607404632138732,
        "78": 0.014802899206250497,
        "79": 0.015526949040657656
      },
      "optuna": {
        "70": 0.01480289785879233,
        "71": 0.014159289853570933,
        "72": 0.014320193949190752,
        "73": 0.015205152468247862,
        "74": 0.015929202177979163,
        "75": 0.01544650350955833,
        "76": 0.014239743507781167,
        "77": 0.01520514782167498,
        "78": 0.014722447388611403,
        "79": 0.014159293800040973
      },
      "errors": {}
    },
    "poker": {
      "framework": {
        "70": 0.0005753873870594118,
        "71": 0.0010898818491269391,
        "72": 0.00032034603607220544,
        "73": 0.0005784763626243694,
        "74": 0.000860433101717173,
        "75": 0.00028504597274378043,
        "76": 0.00038212078218238246,
        "77": 0.00035299845913348,
        "78": 0.0003393199270970926,
        "79": 0.00048537378666105855
      },
      "experimental": {
        "70": 0.0004950799799152584,
        "71": 0.0013091829363773622,
        "72": 0.00044786724009906467,
        "73": 0.0005493544862880783,
        "74": 0.0005767113958721981,
        "75": 0.0010612002571499302,
        "76": 0.0009553017937347419,
        "77": 0.0006989377500867588,
        "78": 0.00048272520660097573,
        "79": 0.0007730662192565018
      },
      "optuna": {
        "70": 0.0005568538109286036,
        "71": 0.0006340731496619068,
        "72": 0.0007059965319663574,
        "73": 0.0006005387552280083,
        "74": 0.00020429806244721683,
        "75": 0.0003794729781688488,
        "76": 0.00048713860058149374,
        "77": 0.0004862552118002683,
        "78": 0.0007134977902927386,
        "79": 0.0006764337912150032
      },
      "errors": {}
    }
  }
}