{
  "config": {
    "datasets": [
      "letter",
      "mnist"
    ],
    "budget": 80,
    "checkpoints": [
      80
    ],
    "seeds": [
      70,
      71,
      72
    ],
    "step": 50,
    "framework": {
      "grid_bins": 8,
      "grid_batch_size": 512,
      "grid_batches": 4,
      "grid_sampling": "grid_random",
      "grid_jitter": true,
      "grid_penalty_lambda": 0.0,
      "heatmap_blend_tau": 1000000000.0,
      "heatmap_soft_assignment": true,
      "heatmap_multi_resolution": true
    },
    "timestamp": "20260107_231950"
  },
  "datasets": {
    "letter": {
      "framework": {
        "70": {
          "80": 0.03697422505746002
        },
        "71": {
          "80": 0.040750794031133686
        },
        "72": {
          "80": 0.03600180974808929
        }
      },
      "experimental": {
        "70": {
          "80": 0.04280868243680504
        },
        "71": {
          "80": 0.04622342686801947
        },
        "72": {
          "80": 0.04002714168426948
        }
      },
      "errors": {}
    },
    "mnist": {
      "framework": {
        "70": {
          "80": 0.015990002284646043
        },
        "71": {
          "80": 0.015660002070665348
        },
        "72": {
          "80": 0.015429999551773066
        }
      },
      "experimental": {
        "70": {
          "80": 0.015020000923275966
        },
        "71": {
          "80": 0.016400000706911076
        },
        "72": {
          "80": 0.015340000301003442
        }
      },
      "errors": {}
    }
  }
}