{
  "config": {
    "datasets": [
      "letter",
      "mnist"
    ],
    "budget": 80,
    "checkpoints": [
      40,
      80
    ],
    "seeds": [
      70
    ],
    "step": 50,
    "timestamp": "20260107_214203"
  },
  "datasets": {
    "letter": {
      "framework": {
        "70": {
          "40": 0.039348711567408136,
          "80": 0.035866123863821486
        }
      },
      "experimental": {
        "70": {
          "40": 0.04563545597618601,
          "80": 0.04280868243680504
        }
      },
      "errors": {}
    },
    "mnist": {
      "framework": {
        "70": {
          "40": 0.016119999498724936,
          "80": 0.01596500174492596
        }
      },
      "experimental": {
        "70": {
          "40": 0.016390002411603943,
          "80": 0.015020000923275966
        }
      },
      "errors": {}
    }
  }
}