{
  "config": {
    "functions": [
      "sphere"
    ],
    "dims": [
      4
    ],
    "budget": 5,
    "checkpoints": [
      1,
      3,
      5
    ],
    "seeds": [
      70
    ],
    "timestamp": "20260104_234319"
  },
  "results": {
    "4": {
      "sphere": {
        "framework": {
          "70": {
            "1": 32.250410043071284,
            "3": 27.533846229962414,
            "5": 1.6642323195666806,
            "_time_seconds": 0.0014815330505371094,
            "_best_x01": [
              0.4359433536275248,
              0.4481376138313283,
              0.5717496354551911,
              0.437307217596522
            ]
          }
        },
        "experimental": {
          "70": {
            "1": 32.250410043071284,
            "3": 27.533846229962414,
            "5": 27.533846229962414,
            "_time_seconds": 0.00020837783813476562,
            "_best_x01": [
              0.2350262393244693,
              0.31255899474578097,
              0.717166718931488,
              0.16822204457615242
            ]
          }
        },
        "optuna": {
          "70": {
            "1": 51.670289234458,
            "3": 8.129337656860013,
            "5": 8.129337656860013,
            "_time_seconds": 0.001178741455078125,
            "_best_x01": [
              0.4935207972454445,
              0.45256369724725654,
              0.3631546747874236,
              0.26228466728522704
            ]
          }
        },
        "errors": {}
      }
    }
  },
  "summary": {
    "4": {
      "sphere": {
        "framework": {
          "n": 1,
          "mean": 1.6642323195666806,
          "std": 0.0
        },
        "experimental": {
          "n": 1,
          "mean": 27.533846229962414,
          "std": 0.0
        },
        "optuna": {
          "n": 1,
          "mean": 8.129337656860013,
          "std": 0.0
        },
        "wins": {
          "framework": 1,
          "experimental": 0,
          "optuna": 0
        },
        "ties": 0
      }
    }
  }
}