{
  "dim": 10,
  "budget": 200,
  "seeds": [
    0,
    1,
    2,
    3,
    4,
    5,
    6,
    7,
    8,
    9,
    10,
    11,
    12,
    13,
    14,
    15,
    16,
    17,
    18,
    19,
    20,
    21,
    22,
    23,
    24,
    25,
    26,
    27,
    28,
    29,
    30,
    31,
    32,
    33,
    34,
    35,
    36,
    37,
    38,
    39,
    40,
    41,
    42,
    43,
    44,
    45,
    46,
    47,
    48,
    49
  ],
  "n_bins_list": [
    2000
  ],
  "data": {
    "sphere_SMOOTH": {
      "coh_wins": 28,
      "opt_wins": 22,
      "ties": 0,
      "coh_winrate": 56.00000000000001,
      "coh_scores": [
        8.895678157735942,
        3.4270548651047137,
        9.803272653475714,
        6.208555009718408,
        2.922127320327096,
        11.6126717022126,
        7.327419920763996,
        5.124711079144986,
        13.382188815627872,
        18.009114441938305,
        5.8677995003099825,
        9.0510227649932,
        3.462863710124635,
        3.3136309275867846,
        9.303492956322073,
        15.195811967006698,
        8.134832438792337,
        3.3832899502179545,
        1.966698905253052,
        5.757705383191045,
        2.1221980662417104,
        4.083634719579986,
        5.366878036403781,
        8.709075933529238,
        4.681922440222407,
        5.231435466719303,
        9.654205819513379,
        5.913385367778544,
        6.104985318240221,
        4.733120167978605,
        17.815960712900253,
        3.0727845649542265,
        7.599580353936625,
        4.5965380686728015,
        3.70814188776916,
        4.096433386579075,
        4.169392291915802,
        5.67793410940603,
        5.57553708521053,
        3.631675664214349,
        3.969051187743152,
        6.920680780843494,
        4.567633633925405,
        1.1521597167684945,
        11.260023490945127,
        5.360499851033309,
        9.232275382332219,
        4.198343454764097,
        5.964557139558645,
        2.974235968717112
      ],
      "opt_scores": [
        6.354239727584771,
        8.528837269366386,
        2.1251967687420206,
        8.396490086393113,
        7.529927023637128,
        10.191666379614187,
        6.814554290518619,
        5.283673260237746,
        7.619940316484833,
        8.164901027491185,
        3.795622030550487,
        4.804338863690281,
        4.941850068405192,
        2.5429478227370192,
        9.869329345128644,
        3.5298362338082963,
        13.31172327328202,
        12.756301033812067,
        8.700979088411408,
        7.183871457975801,
        4.870877049586086,
        9.152068622393164,
        9.171381545787264,
        3.8870412254947198,
        5.534483795704013,
        4.144106808828826,
        7.530496212717095,
        5.334437766134331,
        12.145873254687311,
        7.841100832646947,
        3.706411632961883,
        14.773389750623766,
        5.1942028090104655,
        3.589830313329575,
        4.33989985904726,
        8.593095567006143,
        4.37416759617661,
        11.894188773892811,
        3.3238004968293184,
        1.935939091929899,
        7.626545115827363,
        7.38013634877387,
        5.578109899022852,
        2.500326877772313,
        2.737939953412234,
        11.113225691330745,
        5.965009459887899,
        3.8468285731041645,
        7.892895771255882,
        7.3709649381636995
      ]
    },
    "sphere_BINS_2000": {
      "coh_wins": 29,
      "opt_wins": 21,
      "ties": 0,
      "coh_winrate": 57.99999999999999,
      "coh_scores": [
        11.53125,
        5.53125,
        6.84375,
        3.28125,
        6.84375,
        12.28125,
        6.46875,
        6.28125,
        13.40625,
        5.15625,
        7.59375,
        9.46875,
        7.59375,
        3.28125,
        4.78125,
        4.59375,
        8.34375,
        18.09375,
        3.28125,
        5.34375,
        8.53125,
        4.21875,
        3.28125,
        4.03125,
        4.40625,
        3.28125,
        4.59375,
        11.53125,
        7.21875,
        5.15625,
        10.03125,
        5.15625,
        8.71875,
        10.96875,
        4.96875,
        3.28125,
        8.90625,
        8.34375,
        4.59375,
        5.15625,
        6.09375,
        15.46875,
        12.28125,
        3.84375,
        1.78125,
        7.96875,
        12.28125,
        10.21875,
        4.03125,
        4.96875
      ],
      "opt_scores": [
        10.21875,
        6.84375,
        8.34375,
        7.03125,
        8.90625,
        8.90625,
        6.09375,
        9.65625,
        6.46875,
        8.15625,
        4.21875,
        11.15625,
        5.90625,
        2.15625,
        7.96875,
        1.96875,
        11.34375,
        16.40625,
        7.40625,
        8.15625,
        1.59375,
        8.90625,
        6.09375,
        5.90625,
        9.46875,
        5.53125,
        12.28125,
        4.96875,
        9.28125,
        9.84375,
        4.21875,
        10.59375,
        9.65625,
        4.21875,
        2.71875,
        8.15625,
        4.40625,
        11.71875,
        2.34375,
        4.21875,
        9.84375,
        6.84375,
        4.59375,
        1.21875,
        2.71875,
        8.90625,
        5.15625,
        11.15625,
        5.15625,
        5.53125
      ]
    },
    "rosenbrock_SMOOTH": {
      "coh_wins": 26,
      "opt_wins": 24,
      "ties": 0,
      "coh_winrate": 52.0,
      "coh_scores": [
        2143.336922329327,
        950.4780261005445,
        828.7788407252992,
        1374.2234089447632,
        1493.6313853988029,
        3048.4240782852285,
        3188.38929524193,
        237.16505164149504,
        596.3105111216787,
        1099.1426648085508,
        375.9221178379464,
        1179.3516956022722,
        740.3263905348007,
        931.5982778481607,
        5552.817959467495,
        1107.7147318305574,
        922.8852225437141,
        1029.206672297611,
        1749.3911491818828,
        4522.366613364885,
        3246.04414253349,
        756.9006215523666,
        978.4093211506674,
        599.2130463662351,
        631.1921783925056,
        3831.8243675554368,
        1040.9844452755776,
        200.2145051854317,
        3319.2561664218465,
        1865.4039541773618,
        1057.4300309043283,
        258.43731381261045,
        2219.46480666441,
        911.1564446430166,
        2151.4870563975064,
        314.8897691134967,
        764.3290755800568,
        2836.9174917813907,
        2538.9917614623746,
        1607.8123600171866,
        715.2657437985339,
        1773.410729842173,
        847.406441757581,
        506.6587688497102,
        941.5947421054947,
        948.4778392674046,
        609.6054695190228,
        493.215692316681,
        442.39837789992174,
        1734.4531479069115
      ],