{
  "dim": 10,
  "budget": 200,
  "seeds": [
    0,
    1,
    2,
    3,
    4,
    5,
    6,
    7,
    8,
    9
  ],
  "n_bins_list": [
    10,
    25,
    50,
    100
  ],
  "data": {
    "sphere_SMOOTH": {
      "coh_wins": 4,
      "opt_wins": 6,
      "ties": 0,
      "coh_winrate": 40.0,
      "coh_scores": [
        8.895678157735942,
        3.4270548651047137,
        9.803272653475714,
        6.208555009718408,
        2.922127320327096,
        11.6126717022126,
        7.327419920763996,
        5.124711079144986,
        13.382188815627872,
        18.009114441938305
      ],
      "opt_scores": [
        6.354239727584771,
        8.528837269366386,
        2.1251967687420206,
        8.396490086393113,
        7.529927023637128,
        10.191666379614187,
        6.814554290518619,
        5.283673260237746,
        7.619940316484833,
        8.164901027491185
      ]
    },
    "sphere_BINS_10": {
      "coh_wins": 0,
      "opt_wins": 0,
      "ties": 10,
      "coh_winrate": 0.0,
      "coh_scores": [
        18.75,
        18.75,
        18.75,
        18.75,
        18.75,
        18.75,
        18.75,
        18.75,
        18.75,
        18.75
      ],
      "opt_scores": [
        18.75,
        18.75,
        18.75,
        18.75,
        18.75,
        18.75,
        18.75,
        18.75,
        18.75,
        18.75
      ]
    },
    "sphere_BINS_25": {
      "coh_wins": 0,
      "opt_wins": 7,
      "ties": 3,
      "coh_winrate": 0.0,
      "coh_scores": [
        7.5,
        22.5,
        22.5,
        22.5,
        7.5,
        7.5,
        22.5,
        22.5,
        22.5,
        22.5
      ],
      "opt_scores": [
        7.5,
        7.5,
        7.5,
        7.5,
        7.5,
        7.5,
        7.5,
        7.5,
        7.5,
        7.5
      ]
    },
    "sphere_BINS_50": {
      "coh_wins": 1,
      "opt_wins": 9,
      "ties": 0,
      "coh_winrate": 10.0,
      "coh_scores": [
        18.75,
        11.25,
        11.25,
        3.75,
        11.25,
        11.25,
        11.25,
        11.25,
        11.25,
        11.25
      ],
      "opt_scores": [
        3.75,
        3.75,
        3.75,
        11.25,
        3.75,
        3.75,
        3.75,
        3.75,
        3.75,
        3.75
      ]
    },
    "sphere_BINS_100": {
      "coh_wins": 1,
      "opt_wins": 7,
      "ties": 2,
      "coh_winrate": 10.0,
      "coh_scores": [
        5.625,
        5.625,
        5.625,
        1.875,
        9.375,
        5.625,
        5.625,
        16.875,
        9.375,
        9.375
      ],
      "opt_scores": [
        5.625,
        5.625,
        1.875,
        5.625,
        5.625,
        1.875,
        1.875,
        1.875,
        1.875,
        1.875
      ]
    },
    "rosenbrock_SMOOTH": {
      "coh_wins": 6,
      "opt_wins": 4,
      "ties": 0,
      "coh_winrate": 60.0,
      "coh_scores": [
        2143.336922329327,
        950.4780261005445,
        828.7788407252992,
        1374.2234089447632,
        1493.6313853988029,
        3048.4240782852285,
        3188.38929524193,
        237.16505164149504,
        596.3105111216787,
        1099.1426648085508
      ],
      "opt_scores": [
        563.8976358246668,
        3310.403649726899,
        984.8883768660714,
        1053.980470323136,
        4015.2271498024093,
        2852.5051151530497,
        1056.8546641238722,
        1107.4234156692844,
        1075.0663664217616,
        1891.446979136369
      ]
    },
    "rosenbrock_BINS_10": {
      "coh_wins": 1,
      "opt_wins": 3,
      "ties": 6,
      "coh_winrate": 10.0,
      "coh_scores": [
        9500.0,
        9500.0,
        9500.0,
        9500.0,
        9500.0,
        9500.0,
        9500.0,
        1500.0,
        9500.0,
        9500.0
      ],
      "opt_scores": [
        7500.0,
        9500.0,
        9500.0,
        2500.0,
        9500.0,
        500.0,
        9500.0,
        9500.0,
        9500.0,
        9500.0
      ]
    },
    "rosenbrock_BINS_25": {
      "coh_wins": 1,
      "opt_wins": 4,
      "ties": 5,
      "coh_winrate": 10.0,
      "coh_scores": [
        9800.0,
        9800.0,
        9800.0,
        9800.0,
        9800.0,
        9800.0,
        9800.0,
        1400.0,
        9800.0,
        9800.0
      ],
      "opt_scores": [
        3800.0,
        9800.0,
        2600.0,
        3400.0,
        9800.0,
        200.0,
        9800.0,
        9800.0,
        9800.0,
        9800.0
      ]
    },
    "rosenbrock_BINS_50": {
      "coh_wins": 1,
      "opt_wins": 4,
      "ties": 5,
      "coh_winrate": 10.0,
      "coh_scores": [
        9900.0,
        9900.0,
        9900.0,
        9900.0,
        9900.0,
        9900.0,
        9900.0,
        1300.0,
        9900.0,
        9900.0
      ],
      "opt_scores": [
        4700.0,
        9900.0,
        1500.0,
        3100.0,
        9900.0,
        1100.0,
        9900.0,
        9900.0,
        9900.0,
        9900.0
      ]
    },
    "rosenbrock_BINS_100": {
      "coh_wins": 1,
      "opt_wins": 4,
      "ties": 5,
      "coh_winrate": 10.0,
      "coh_scores": [
        9950.0,
        9950.0,
        9950.0,
        9950.0,
        9950.0,
        9950.0,
        9950.0,
        1350.0,
        9950.0,
        9950.0
      ],
      "opt_scores": [
        3250.0,
        9950.0,
        2150.0,
        3850.0,
        9950.0,
        450.0,
        9950.0,
        9950.0,
        9950.0,
        9950.0
      ]
    }
  }
}