{
  "dim": 10,
  "budget": 200,
  "seeds": [
    0,
    1,
    2,
    3,
    4,
    5,
    6,
    7,
    8,
    9
  ],
  "n_bins_list": [
    200,
    500,
    1000,
    2000
  ],
  "data": {
    "sphere_SMOOTH": {
      "coh_wins": 4,
      "opt_wins": 6,
      "ties": 0,
      "coh_winrate": 40.0,
      "coh_scores": [
        8.895678157735942,
        3.4270548651047137,
        9.803272653475714,
        6.208555009718408,
        2.922127320327096,
        11.6126717022126,
        7.327419920763996,
        5.124711079144986,
        13.382188815627872,
        18.009114441938305
      ],
      "opt_scores": [
        6.354239727584771,
        8.528837269366386,
        2.1251967687420206,
        8.396490086393113,
        7.529927023637128,
        10.191666379614187,
        6.814554290518619,
        5.283673260237746,
        7.619940316484833,
        8.164901027491185
      ]
    },
    "sphere_BINS_200": {
      "coh_wins": 4,
      "opt_wins": 6,
      "ties": 0,
      "coh_winrate": 40.0,
      "coh_scores": [
        10.3125,
        6.5625,
        10.3125,
        4.6875,
        4.6875,
        4.6875,
        8.4375,
        4.6875,
        15.9375,
        14.0625
      ],
      "opt_scores": [
        4.6875,
        2.8125,
        2.8125,
        8.4375,
        6.5625,
        6.5625,
        6.5625,
        8.4375,
        4.6875,
        6.5625
      ]
    },
    "sphere_BINS_500": {
      "coh_wins": 4,
      "opt_wins": 5,
      "ties": 1,
      "coh_winrate": 40.0,
      "coh_scores": [
        15.375,
        15.375,
        11.625,
        16.875,
        4.125,
        9.375,
        2.625,
        7.125,
        3.375,
        7.125
      ],
      "opt_scores": [
        8.625,
        5.625,
        11.625,
        6.375,
        3.375,
        10.125,
        3.375,
        5.625,
        6.375,
        9.375
      ]
    },
    "sphere_BINS_1000": {
      "coh_wins": 5,
      "opt_wins": 5,
      "ties": 0,
      "coh_winrate": 50.0,
      "coh_scores": [
        6.9375,
        1.6875,
        3.1875,
        2.0625,
        4.6875,
        10.6875,
        5.8125,
        2.8125,
        4.3125,
        4.3125
      ],
      "opt_scores": [
        8.0625,
        8.0625,
        9.9375,
        7.3125,
        4.3125,
        7.3125,
        4.6875,
        4.6875,
        2.4375,
        3.5625
      ]
    },
    "sphere_BINS_2000": {
      "coh_wins": 6,
      "opt_wins": 4,
      "ties": 0,
      "coh_winrate": 60.0,
      "coh_scores": [
        11.53125,
        5.53125,
        6.84375,
        3.28125,
        6.84375,
        12.28125,
        6.46875,
        6.28125,
        13.40625,
        5.15625
      ],
      "opt_scores": [
        10.21875,
        6.84375,
        8.34375,
        7.03125,
        8.90625,
        8.90625,
        6.09375,
        9.65625,
        6.46875,
        8.15625
      ]
    },
    "rosenbrock_SMOOTH": {
      "coh_wins": 6,
      "opt_wins": 4,
      "ties": 0,
      "coh_winrate": 60.0,
      "coh_scores": [
        2143.336922329327,
        950.4780261005445,
        828.7788407252992,
        1374.2234089447632,
        1493.6313853988029,
        3048.4240782852285,
        3188.38929524193,
        237.16505164149504,
        596.3105111216787,
        1099.1426648085508
      ],
      "opt_scores": [
        563.8976358246668,
        3310.403649726899,
        984.8883768660714,
        1053.980470323136,
        4015.2271498024093,
        2852.5051151530497,
        1056.8546641238722,
        1107.4234156692844,
        1075.0663664217616,
        1891.446979136369
      ]
    },
    "rosenbrock_BINS_200": {
      "coh_wins": 1,
      "opt_wins": 4,
      "ties": 5,
      "coh_winrate": 10.0,
      "coh_scores": [
        9975.0,
        9975.0,
        9975.0,
        9975.0,
        9975.0,
        9975.0,
        9975.0,
        1325.0,
        9975.0,
        9975.0
      ],
      "opt_scores": [
        3875.0,
        9975.0,
        3575.0,
        975.0,
        9975.0,
        775.0,
        9975.0,
        9975.0,
        9975.0,
        9975.0
      ]
    },
    "rosenbrock_BINS_500": {
      "coh_wins": 1,
      "opt_wins": 4,
      "ties": 5,
      "coh_winrate": 10.0,
      "coh_scores": [
        9990.0,
        9990.0,
        9990.0,
        9990.0,
        9990.0,
        9990.0,
        9990.0,
        1310.0,
        9990.0,
        9990.0
      ],
      "opt_scores": [
        4710.0,
        9990.0,
        3210.0,
        2510.0,
        9990.0,
        710.0,
        9990.0,
        9990.0,
        9990.0,
        9990.0
      ]
    },
    "rosenbrock_BINS_1000": {
      "coh_wins": 1,
      "opt_wins": 4,
      "ties": 5,
      "coh_winrate": 10.0,
      "coh_scores": [
        9995.0,
        9995.0,
        9995.0,
        9995.0,
        9995.0,
        9995.0,
        9995.0,
        1305.0,
        9995.0,
        9995.0
      ],
      "opt_scores": [
        4715.0,
        9995.0,
        3215.0,
        2505.0,
        9995.0,
        715.0,
        9995.0,
        9995.0,
        9995.0,
        9995.0
      ]
    },
    "rosenbrock_BINS_2000": {
      "coh_wins": 1,
      "opt_wins": 4,
      "ties": 5,
      "coh_winrate": 10.0,
      "coh_scores": [
        9997.5,
        9997.5,
        9997.5,
        9997.5,
        9997.5,
        9997.5,
        9997.5,
        1302.5,
        9997.5,
        9997.5
      ],
      "opt_scores": [
        4712.5,
        9997.5,
        3212.5,
        2617.5,
        9997.5,
        577.5,
        9997.5,
        9997.5,
        9997.5,
        9997.5
      ]
    }
  }
}