{
  "dim": 10,
  "budget": 200,
  "seeds": [
    0,
    1,
    2,
    3,
    4,
    5,
    6,
    7,
    8,
    9,
    10,
    11,
    12,
    13,
    14,
    15,
    16,
    17,
    18,
    19,
    20,
    21,
    22,
    23,
    24,
    25,
    26,
    27,
    28,
    29
  ],
  "n_bins_list": [
    2000
  ],
  "data": {
    "sphere_SMOOTH": {
      "coh_wins": 16,
      "opt_wins": 14,
      "ties": 0,
      "coh_winrate": 53.333333333333336,
      "coh_scores": [
        8.895678157735942,
        3.4270548651047137,
        9.803272653475714,
        6.208555009718408,
        2.922127320327096,
        11.6126717022126,
        7.327419920763996,
        5.124711079144986,
        13.382188815627872,
        18.009114441938305,
        5.8677995003099825,
        9.0510227649932,
        3.462863710124635,
        3.3136309275867846,
        9.303492956322073,
        15.195811967006698,
        8.134832438792337,
        3.3832899502179545,
        1.966698905253052,
        5.757705383191045,
        2.1221980662417104,
        4.083634719579986,
        5.366878036403781,
        8.709075933529238,
        4.681922440222407,
        5.231435466719303,
        9.654205819513379,
        5.913385367778544,
        6.104985318240221,
        4.733120167978605
      ],
      "opt_scores": [
        6.354239727584771,
        8.528837269366386,
        2.1251967687420206,
        8.396490086393113,
        7.529927023637128,
        10.191666379614187,
        6.814554290518619,
        5.283673260237746,
        7.619940316484833,
        8.164901027491185,
        3.795622030550487,
        4.804338863690281,
        4.941850068405192,
        2.5429478227370192,
        9.869329345128644,
        3.5298362338082963,
        13.31172327328202,
        12.756301033812067,
        8.700979088411408,
        7.183871457975801,
        4.870877049586086,
        9.152068622393164,
        9.171381545787264,
        3.8870412254947198,
        5.534483795704013,
        4.144106808828826,
        7.530496212717095,
        5.334437766134331,
        12.145873254687311,
        7.841100832646947
      ]
    },
    "sphere_BINS_2000": {
      "coh_wins": 19,
      "opt_wins": 11,
      "ties": 0,
      "coh_winrate": 63.33333333333333,
      "coh_scores": [
        11.53125,
        5.53125,
        6.84375,
        3.28125,
        6.84375,
        12.28125,
        6.46875,
        6.28125,
        13.40625,
        5.15625,
        7.59375,
        9.46875,
        7.59375,
        3.28125,
        4.78125,
        4.59375,
        8.34375,
        18.09375,
        3.28125,
        5.34375,
        8.53125,
        4.21875,
        3.28125,
        4.03125,
        4.40625,
        3.28125,
        4.59375,
        11.53125,
        7.21875,
        5.15625
      ],
      "opt_scores": [
        10.21875,
        6.84375,
        8.34375,
        7.03125,
        8.90625,
        8.90625,
        6.09375,
        9.65625,
        6.46875,
        8.15625,
        4.21875,
        11.15625,
        5.90625,
        2.15625,
        7.96875,
        1.96875,
        11.34375,
        16.40625,
        7.40625,
        8.15625,
        1.59375,
        8.90625,
        6.09375,
        5.90625,
        9.46875,
        5.53125,
        12.28125,
        4.96875,
        9.28125,
        9.84375
      ]
    },
    "rosenbrock_SMOOTH": {
      "coh_wins": 15,
      "opt_wins": 15,
      "ties": 0,
      "coh_winrate": 50.0,
      "coh_scores": [
        2143.336922329327,
        950.4780261005445,
        828.7788407252992,
        1374.2234089447632,
        1493.6313853988029,
        3048.4240782852285,
        3188.38929524193,
        237.16505164149504,
        596.3105111216787,
        1099.1426648085508,
        375.9221178379464,
        1179.3516956022722,
        740.3263905348007,
        931.5982778481607,
        5552.817959467495,
        1107.7147318305574,
        922.8852225437141,
        1029.206672297611,
        1749.3911491818828,
        4522.366613364885,
        3246.04414253349,
        756.9006215523666,
        978.4093211506674,
        599.2130463662351,
        631.1921783925056,
        3831.8243675554368,
        1040.9844452755776,
        200.2145051854317,
        3319.2561664218465,
        1865.4039541773618
      ],
      "opt_scores": [
        563.8976358246668,
        3310.403649726899,
        984.8883768660714,
        1053.980470323136,
        4015.2271498024093,
        2852.5051151530497,
        1056.8546641238722,
        1107.4234156692844,
        1075.0663664217616,
        1891.446979136369,
        285.27369580434294,
        263.79541493262997,
        1093.332998820838,
        463.87653271390445,
        1205.5321105698747,
        236.39340108254768,
        2490.708510915238,
        1633.6706641005824,
        3398.122139379528,
        919.2885148451505,
        1501.9328762370337,
        1073.2924633533955,
        1768.384275344031,
        2659.0290298901386,
        489.88702908870084,
        902.6075737176311,
        3090.6240847592726,
        1240.4885838128585,
        589.4456617915998,
        197.87117639114808
      ]
    },
    "rosenbrock_BINS_2000": {
      "coh_wins": 2,
      "opt_wins": 14,
      "ties": 14,
      "coh_winrate": 6.666666666666667,
      "coh_scores": [
        9997.5,
        9997.5,
        9997.5,
        9997.5,
        9997.5,
        9997.5,
        9997.5,
        1302.5,
        9997.5,
        9997.5,
        9997.5,
        9997.5,
        9997.5,
        9997.5,
        9997.5,
        9997.5,
        9997.5,
        9997.5,
        1617.5,
        9997.5,
        9997.5,
        9997.5,
        9997.5,
        9997.5,
        9997.5,
        9997.5,
        9997.5,
        9997.5,
        9997.5,
        9997.5
      ],
      "opt_scores": [
        4712.5,
        9997.5,
        3212.5,
        2617.5,
        9997.5,
        577.5,
        9997.5,
        9997.5,
        9997.5,
        9997.5,
        9997.5,
        6357.5,
        9997.5,
        9997.5,
        9997.5,
        3597.5,
        4527.5,
        9997.5,
        9997.5,
        3967.5,
        7582.5,
        9997.5,
        127.5,
        2522.5,
        9997.5,
        9997.5,
        9997.5,
        5452.5,
        9327.5,
        2347.5
      ]
    }
  }
}