{
  "task": "cifar10",
  "checkpoints": [
    10,
    20
  ],
  "n_seeds": 2,
  "seed_start": 0,
  "timestamp": "20251228_141033",
  "checkpoint_results": {
    "10": {
      "Random": {
        "errors": [
          0.17877548217773442,
          0.1448286437988281
        ],
        "mean": 0.16180206298828126,
        "std": 0.016973419189453165
      },
      "Optuna_TPE": {
        "errors": [
          0.13539588928222657,
          0.15788665771484378
        ],
        "mean": 0.14664127349853517,
        "std": 0.011245384216308607
      },
      "TuRBO_M": {
        "errors": [
          0.15602622985839842,
          0.16583290100097658
        ],
        "mean": 0.1609295654296875,
        "std": 0.00490333557128908
      },
      "ALBA": {
        "errors": [
          0.2132510375976563,
          0.15529762268066405
        ],
        "mean": 0.18427433013916017,
        "std": 0.02897670745849612
      }
    },
    "20": {
      "Random": {
        "errors": [
          0.137850112915039,
          0.08617317199707031
        ],
        "mean": 0.11201164245605466,
        "std": 0.025838470458984353
      },
      "Optuna_TPE": {
        "errors": [
          0.10486328125,
          0.128861083984375
        ],
        "mean": 0.1168621826171875,
        "std": 0.011998901367187509
      },
      "TuRBO_M": {
        "errors": [
          0.1023877716064453,
          0.13771049499511723
        ],
        "mean": 0.12004913330078126,
        "std": 0.017661361694335964
      },
      "ALBA": {
        "errors": [
          0.131392822265625,
          0.14476165771484373
        ],
        "mean": 0.13807723999023436,
        "std": 0.0066844177246093706
      }
    }
  },
  "histories": {
    "Random": {
      "0": [
        0.46092571258544923,
        0.20521820068359375,
        0.20521820068359375,
        0.20521820068359375,
        0.20521820068359375,
        0.17877548217773442,
        0.17877548217773442,
        0.17877548217773442,
        0.17877548217773442,
        0.17877548217773442,
        0.15170982360839846,
        0.15170982360839846,
        0.15170982360839846,
        0.15170982360839846,
        0.137850112915039,
        0.137850112915039,
        0.137850112915039,
        0.137850112915039,
        0.137850112915039,
        0.137850112915039
      ],
      "1": [
        0.2787843322753907,
        0.1448286437988281,
        0.1448286437988281,
        0.1448286437988281,
        0.1448286437988281,
        0.1448286437988281,
        0.1448286437988281,
        0.1448286437988281,
        0.1448286437988281,
        0.1448286437988281,
        0.1448286437988281,
        0.1448286437988281,
        0.1448286437988281,
        0.1448286437988281,
        0.1448286437988281,
        0.1448286437988281,
        0.1448286437988281,
        0.1448286437988281,
        0.08617317199707031,
        0.08617317199707031
      ]
    },
    "Optuna_TPE": {
      "0": [
        0.4298741912841797,
        0.18529403686523438,
        0.18529403686523438,
        0.18529403686523438,
        0.18529403686523438,
        0.13539588928222657,
        0.13539588928222657,
        0.13539588928222657,
        0.13539588928222657,
        0.13539588928222657,
        0.13539588928222657,
        0.1345656585693359,
        0.1345656585693359,
        0.1162044525146484,
        0.11155090332031248,
        0.10651466369628904,
        0.10651466369628904,
        0.10486328125,
        0.10486328125,
        0.10486328125
      ],
      "1": [
        0.19313964843749998,
        0.19313964843749998,
        0.15788665771484378,
        0.15788665771484378,
        0.15788665771484378,
        0.15788665771484378,
        0.15788665771484378,
        0.15788665771484378,
        0.15788665771484378,
        0.15788665771484378,
        0.15788665771484378,
        0.1322238922119141,
        0.1322238922119141,
        0.128861083984375,
        0.128861083984375,
        0.128861083984375,
        0.128861083984375,
        0.128861083984375,
        0.128861083984375,
        0.128861083984375
      ]
    },
    "TuRBO_M": {
      "0": [
        0.2171971893310547,
        0.15602622985839842,
        0.15602622985839842,
        0.15602622985839842,
        0.15602622985839842,
        0.15602622985839842,
        0.15602622985839842,
        0.15602622985839842,
        0.15602622985839842,
        0.15602622985839842,
        0.15602622985839842,
        0.15602622985839842,
        0.15602622985839842,
        0.15602622985839842,
        0.15602622985839842,
        0.15602622985839842,
        0.1023877716064453,
        0.1023877716064453,
        0.1023877716064453,
        0.1023877716064453
      ],
      "1": [
        0.18850852966308596,
        0.18850852966308596,
        0.18850852966308596,
        0.18850852966308596,
        0.18850852966308596,
        0.18850852966308596,
        0.18850852966308596,
        0.16583290100097658,
        0.16583290100097658,
        0.16583290100097658,
        0.16583290100097658,
        0.13771049499511723,
        0.13771049499511723,
        0.13771049499511723,
        0.13771049499511723,
        0.13771049499511723,
        0.13771049499511723,
        0.13771049499511723,
        0.13771049499511723,
        0.13771049499511723
      ]
    },
    "ALBA": {
      "0": [
        0.4025080490112305,
        0.4025080490112305,
        0.27457878112792966,
        0.27457878112792966,
        0.27457878112792966,
        0.27457878112792966,
        0.27457878112792966,
        0.27457878112792966,
        0.22275024414062505,
        0.2132510375976563,
        0.2132510375976563,
        0.2132510375976563,
        0.2132510375976563,
        0.2132510375976563,
        0.19178649902343747,
        0.19178649902343747,
        0.131392822265625,
        0.131392822265625,
        0.131392822265625,
        0.131392822265625
      ],
      "1": [
        0.1654588317871094,
        0.1654588317871094,
        0.1654588317871094,
        0.15529762268066405,
        0.15529762268066405,
        0.15529762268066405,
        0.15529762268066405,
        0.15529762268066405,
        0.15529762268066405,
        0.15529762268066405,
        0.15529762268066405,
        0.14476165771484373,
        0.14476165771484373,
        0.14476165771484373,
        0.14476165771484373,
        0.14476165771484373,
        0.14476165771484373,
        0.14476165771484373,
        0.14476165771484373,
        0.14476165771484373
      ]
    }
  }
}