{
  "task": "cifar10",
  "n_evals": 100,
  "seed": 42,
  "timestamp": "20251229_125441",
  "original": {
    "final_error": 0.08792480468749997,
    "elapsed": 0.6560776233673096,
    "final_leaves": 3
  },
  "evo": {
    "final_error": 0.08712814331054686,
    "elapsed": 0.6691913604736328,
    "final_active": 4,
    "final_suspended": 0,
    "total_resurrection_attempts": 0,
    "total_resurrection_successes": 0,
    "resurrection_rate": 0.0,
    "total_splits": 3
  },
  "history_orig": [
    0.3649382400512695,
    0.2759921264648437,
    0.2759921264648437,
    0.2759921264648437,
    0.14070014953613286,
    0.14070014953613286,
    0.14070014953613286,
    0.14070014953613286,
    0.12788253784179693,
    0.10943267822265623,
    0.10943267822265623,
    0.10943267822265623,
    0.10943267822265623,
    0.10943267822265623,
    0.10943267822265623,
    0.10943267822265623,
    0.10943267822265623,
    0.10943267822265623,
    0.10943267822265623,
    0.10943267822265623,
    0.10943267822265623,
    0.10943267822265623,
    0.10943267822265623,
    0.10943267822265623,
    0.10943267822265623,
    0.10943267822265623,
    0.10943267822265623,
    0.10943267822265623,
    0.10943267822265623,
    0.10943267822265623,
    0.10943267822265623,
    0.10340255737304682,
    0.10340255737304682,
    0.10340255737304682,
    0.10340255737304682,
    0.10340255737304682,
    0.10340255737304682,
    0.10340255737304682,
    0.10340255737304682,
    0.10340255737304682,
    0.10340255737304682,
    0.10340255737304682,
    0.10340255737304682,
    0.10340255737304682,
    0.10340255737304682,
    0.10340255737304682,
    0.10329849243164058,
    0.10329849243164058,
    0.10329849243164058,
    0.10329849243164058,
    0.10329849243164058,
    0.10329849243164058,
    0.10329849243164058,
    0.10329849243164058,
    0.10329849243164058,
    0.10329849243164058,
    0.10329849243164058,
    0.10329849243164058,
    0.10186584472656246,
    0.10186584472656246,
    0.10186584472656246,
    0.10186584472656246,
    0.10186584472656246,
    0.10186584472656246,
    0.10186584472656246,
    0.10186584472656246,
    0.10186584472656246,
    0.10186584472656246,
    0.10186584472656246,
    0.10186584472656246,
    0.10186584472656246,
    0.10186584472656246,
    0.10186584472656246,
    0.10186584472656246,
    0.08876876831054692,
    0.08876876831054692,
    0.08876876831054692,
    0.08876876831054692,
    0.08876876831054692,
    0.08866355895996092,
    0.08866355895996092,
    0.08866355895996092,
    0.08866355895996092,
    0.08866355895996092,
    0.08866355895996092,
    0.08866355895996092,
    0.08866355895996092,
    0.08866355895996092,
    0.08866355895996092,
    0.08814895629882813,
    0.08814895629882813,
    0.08814895629882813,
    0.08814895629882813,
    0.08814895629882813,
    0.08814895629882813,
    0.08814895629882813,
    0.08814895629882813,
    0.08814895629882813,
    0.08792480468749997,
    0.08792480468749997
  ],
  "history_evo": [
    0.34581825256347654,
    0.18337272644042968,
    0.18337272644042968,
    0.18337272644042968,
    0.12949737548828122,
    0.12949737548828122,
    0.12949737548828122,
    0.12949737548828122,
    0.12949737548828122,
    0.12949737548828122,
    0.12949737548828122,
    0.12949737548828122,
    0.12949737548828122,
    0.12949737548828122,
    0.12949737548828122,
    0.12949737548828122,
    0.12949737548828122,
    0.12949737548828122,
    0.12949737548828122,
    0.12949737548828122,
    0.12949737548828122,
    0.12949737548828122,
    0.12949737548828122,
    0.12949737548828122,
    0.12949737548828122,
    0.12949737548828122,
    0.12949737548828122,
    0.12949737548828122,
    0.09946243286132816,
    0.09946243286132816,
    0.09946243286132816,
    0.09946243286132816,
    0.09946243286132816,
    0.09946243286132816,
    0.09946243286132816,
    0.09946243286132816,
    0.09946243286132816,
    0.09946243286132816,
    0.09946243286132816,
    0.09946243286132816,
    0.09946243286132816,
    0.09946243286132816,
    0.09946243286132816,
    0.09946243286132816,
    0.09946243286132816,
    0.09946243286132816,
    0.09946243286132816,
    0.09946243286132816,
    0.09946243286132816,
    0.09946243286132816,
    0.09946243286132816,
    0.09946243286132816,
    0.09946243286132816,
    0.09946243286132816,
    0.09946243286132816,
    0.09946243286132816,
    0.09946243286132816,
    0.09946243286132816,
    0.09946243286132816,
    0.09946243286132816,
    0.09946243286132816,
    0.09946243286132816,
    0.09946243286132816,
    0.09946243286132816,
    0.09946243286132816,
    0.09946243286132816,
    0.09946243286132816,
    0.09946243286132816,
    0.09946243286132816,
    0.09946243286132816,
    0.09946243286132816,
    0.09946243286132816,
    0.09946243286132816,
    0.09946243286132816,
    0.09946243286132816,
    0.09946243286132816,
    0.09946243286132816,
    0.09946243286132816,
    0.09522483825683592,
    0.09522483825683592,
    0.09522483825683592,
    0.09522483825683592,
    0.09522483825683592,
    0.09522483825683592,
    0.09522483825683592,
    0.08919128417968747,
    0.08741416931152346,
    0.08741416931152346,
    0.08741416931152346,
    0.08741416931152346,
    0.08741416931152346,
    0.08741416931152346,
    0.08741416931152346,
    0.08741416931152346,
    0.08741416931152346,
    0.08741416931152346,
    0.08741416931152346,
    0.08741416931152346,
    0.08712814331054686,
    0.08712814331054686
  ]
}