{
  "tasks": [
    "cifar10"
  ],
  "checkpoints": [
    20,
    50,
    100
  ],
  "n_seeds": 2,
  "seed_start": 0,
  "timestamp": "20251229_122911",
  "results_by_task": {
    "cifar10": {
      "20": {
        "ALBA_Original": {
          "errors": [
            0.15094879150390628,
            0.09889198303222657
          ],
          "mean": 0.12492038726806642,
          "std": 0.026028404235839853
        },
        "ALBA_Evo": {
          "errors": [
            0.09585350036621099,
            0.10017021179199215
          ],
          "mean": 0.09801185607910157,
          "std": 0.0021583557128905806
        }
      },
      "50": {
        "ALBA_Original": {
          "errors": [
            0.1258535003662109,
            0.09889198303222657
          ],
          "mean": 0.11237274169921874,
          "std": 0.013480758666992165
        },
        "ALBA_Evo": {
          "errors": [
            0.09585350036621099,
            0.09742385864257808
          ],
          "mean": 0.09663867950439453,
          "std": 0.0007851791381835449
        }
      },
      "100": {
        "ALBA_Original": {
          "errors": [
            0.08776618957519533,
            0.09409973144531247
          ],
          "mean": 0.0909329605102539,
          "std": 0.0031667709350585715
        },
        "ALBA_Evo": {
          "errors": [
            0.0913900756835937,
            0.09127182006835932
          ],
          "mean": 0.09133094787597651,
          "std": 5.91278076171875e-05
        }
      }
    }
  },
  "histories_by_task": {
    "cifar10": {
      "ALBA_Original": {
        "0": [
          0.3213595581054688,
          0.3213595581054688,
          0.3213595581054688,
          0.1733008575439453,
          0.1733008575439453,
          0.1733008575439453,
          0.1733008575439453,
          0.16522819519042964,
          0.15094879150390628,
          0.15094879150390628,
          0.15094879150390628,
          0.15094879150390628,
          0.15094879150390628,
          0.15094879150390628,
          0.15094879150390628,
          0.15094879150390628,
          0.15094879150390628,
          0.15094879150390628,
          0.15094879150390628,
          0.15094879150390628,
          0.15094879150390628,
          0.15094879150390628,
          0.15094879150390628,
          0.15094879150390628,
          0.15094879150390628,
          0.15094879150390628,
          0.15094879150390628,
          0.15094879150390628,
          0.15094879150390628,
          0.15094879150390628,
          0.15094879150390628,
          0.15094879150390628,
          0.1258535003662109,
          0.1258535003662109,
          0.1258535003662109,
          0.1258535003662109,
          0.1258535003662109,
          0.1258535003662109,
          0.1258535003662109,
          0.1258535003662109,
          0.1258535003662109,
          0.1258535003662109,
          0.1258535003662109,
          0.1258535003662109,
          0.1258535003662109,
          0.1258535003662109,
          0.1258535003662109,
          0.1258535003662109,
          0.1258535003662109,
          0.1258535003662109,
          0.1258535003662109,
          0.1258535003662109,
          0.1258535003662109,
          0.1258535003662109,
          0.1258535003662109,
          0.1258535003662109,
          0.11935371398925776,
          0.11935371398925776,
          0.11935371398925776,
          0.11935371398925776,
          0.11935371398925776,
          0.11935371398925776,
          0.11935371398925776,
          0.1116599273681641,
          0.1116599273681641,
          0.09582496643066407,
          0.09582496643066407,
          0.09582496643066407,
          0.09582496643066407,
          0.09582496643066407,
          0.09582496643066407,
          0.09582496643066407,
          0.09582496643066407,
          0.09582496643066407,
          0.09582496643066407,
          0.09582496643066407,
          0.09582496643066407,
          0.09582496643066407,
          0.09582496643066407,
          0.09582496643066407,
          0.09505905151367189,
          0.09505905151367189,
          0.09505905151367189,
          0.09505905151367189,
          0.09505905151367189,
          0.0911466217041016,
          0.08919311523437501,
          0.08919311523437501,
          0.08919311523437501,
          0.08919311523437501,
          0.08841369628906248,
          0.08841369628906248,
          0.08776618957519533,
          0.08776618957519533,
          0.08776618957519533,
          0.08776618957519533,
          0.08776618957519533,
          0.08776618957519533,
          0.08776618957519533,
          0.08776618957519533
        ],
        "1": [
          0.3391045379638672,
          0.3391045379638672,
          0.16142166137695313,
          0.16142166137695313,
          0.16142166137695313,
          0.16142166137695313,
          0.16142166137695313,
          0.16142166137695313,
          0.16142166137695313,
          0.16142166137695313,
          0.13583808898925787,
          0.09889198303222657,
          0.09889198303222657,
          0.09889198303222657,
          0.09889198303222657,
          0.09889198303222657,
          0.09889198303222657,
          0.09889198303222657,
          0.09889198303222657,
          0.09889198303222657,
          0.09889198303222657,
          0.09889198303222657,
          0.09889198303222657,
          0.09889198303222657,
          0.09889198303222657,
          0.09889198303222657,
          0.09889198303222657,
          0.09889198303222657,
          0.09889198303222657,
          0.09889198303222657,
          0.09889198303222657,
          0.09889198303222657,
          0.09889198303222657,
          0.09889198303222657,
          0.09889198303222657,
          0.09889198303222657,
          0.09889198303222657,
          0.09889198303222657,
          0.09889198303222657,
          0.09889198303222657,
          0.09889198303222657,
          0.09889198303222657,
          0.09889198303222657,
          0.09889198303222657,
          0.09889198303222657,
          0.09889198303222657,
          0.09889198303222657,
          0.09889198303222657,
          0.09889198303222657,
          0.09889198303222657,
          0.09889198303222657,
          0.09889198303222657,
          0.09889198303222657,
          0.09889198303222657,
          0.09889198303222657,
          0.09889198303222657,
          0.09889198303222657,
          0.09889198303222657,
          0.09889198303222657,
          0.09889198303222657,
          0.09889198303222657,
          0.09889198303222657,
          0.09889198303222657,
          0.09889198303222657,
          0.09889198303222657,
          0.09889198303222657,
          0.09889198303222657,
          0.09889198303222657,
          0.09889198303222657,
          0.09889198303222657,
          0.09889198303222657,
          0.09889198303222657,
          0.09889198303222657,
          0.09889198303222657,
          0.09889198303222657,
          0.09889198303222657,
          0.09889198303222657,
          0.09889198303222657,
          0.09889198303222657,
          0.09889198303222657,
          0.09889198303222657,
          0.09409973144531247,
          0.09409973144531247,
          0.09409973144531247,
          0.09409973144531247,
          0.09409973144531247,
          0.09409973144531247,
          0.09409973144531247,
          0.09409973144531247,
          0.09409973144531247,
          0.09409973144531247,
          0.09409973144531247,
          0.09409973144531247,
          0.09409973144531247,
          0.09409973144531247,
          0.09409973144531247,
          0.09409973144531247,
          0.09409973144531247,
          0.09409973144531247,
          0.09409973144531247
        ]
      },